Order_ID,Customer_ID,Age,Gender,City,Product_Category,Product,Quantity,Unit_Price,Discount,Payment_Method,Order_Date,Rating,Delivery_Days,Returned,Total_Amount,Expected_Total,Difference
ORD106680,CUST7362,28.0,Male,Hyderabad,Fashion,Shoes,2,2507.76,15.0,Debit Card,2025-08-27,4.1,7.0,No,4263.19,4263.192,-0.0020000000004074536
ORD103291,CUST3155,30.0,Female,Delhi,Fashion,Jeans,2,1988.04,25.0,Debit Card,2025-06-18,4.2,4.0,No,2982.06,2982.06,0.0
ORD106559,CUST1349,32.0,Male,Pune,Sports,Yoga Mat,2,776.35,15.0,Upi,2025-01-13,3.6,2.0,No,1319.8,1319.795,0.004999999999881766
ORD107927,CUST6779,39.0,Female,Chennai,Electronics,Smartwatch,1,7739.89,10.0,Upi,2026-06-01,3.2,6.0,Yes,6965.9,6965.901000000001,-0.0010000000011132215
ORD105665,CUST1389,27.0,Male,Chennai,Electronics,Laptop,1,61138.76,5.0,Debit Card,2026-06-17,3.1,5.0,No,58081.82,58081.822,-0.0020000000004074536
ORD106062,CUST5590,33.0,Female,Kolkata,Fashion,Jeans,1,1890.11,10.0,Cod,2026-05-05,4.0,3.0,No,1701.1,1701.099,0.0009999999999763531
ORD106614,CUST6687,46.0,Male,Hyderabad,Electronics,Smartwatch,1,5999.83,15.0,Upi,2025-06-08,4.4,2.0,No,5099.86,5099.8555,0.004500000000007276
ORD103703,CUST8172,32.0,Male,Ahmedabad,Home & Kitchen,Air Fryer,1,6760.65,20.0,Net Banking,2026-03-01,3.2,4.0,No,5408.52,5408.52,0.0
ORD104915,CUST4603,30.0,Male,Vijayawada,Fashion,Shoes,2,2830.42,5.0,Credit Card,2025-03-16,2.4,5.0,No,5377.8,5377.798,0.0020000000004074536
ORD111336,CUST3292,31.0,Male,Bengaluru,Electronics,Tablet,2,21716.46,10.0,Debit Card,2026-06-07,3.9,8.0,No,39089.63,39089.628,0.0020000000004074536
ORD114026,CUST1090,32.0,Female,Guntur,Fashion,Jacket,1,2828.92,10.0,Debit Card,2026-01-04,3.7,5.0,No,2546.03,2546.0280000000002,0.0019999999999527063
ORD111135,CUST3455,40.0,Female,Visakhapatnam,Beauty,Face Wash,3,561.44,15.0,Cod,2025-11-07,2.5,4.0,No,1431.66,1431.672,-0.011999999999943611
ORD108157,CUST1599,39.0,Male,Guntur,Sports,Dumbbells,2,2752.01,10.0,Cod,2026-05-29,3.6,5.0,No,4953.61,4953.618,-0.00800000000072032
ORD114073,CUST8354,19.0,Female,Delhi,Home & Kitchen,Air Fryer,1,7065.68,5.0,Upi,2026-09-28,4.6,3.0,Yes,6712.4,6712.396,0.0039999999999054126
ORD102407,CUST3853,26.0,Female,Pune,Home & Kitchen,Bedsheet,3,1394.37,10.0,Net Banking,2026-10-05,4.8,4.0,No,3555.64,3764.799,-209.1590000000001
ORD106077,CUST4290,44.0,Female,Chennai,Home & Kitchen,Cookware Set,2,2855.16,10.0,Upi,2026-05-06,3.9,3.0,No,5139.28,5139.288,-0.007999999999810825
ORD108328,CUST1217,27.0,Male,Hyderabad,Home & Kitchen,Mixer Grinder,1,3882.85,10.0,Debit Card,2026-08-15,4.5,5.0,No,3494.57,3494.565,0.005000000000109139
ORD101262,CUST6133,33.0,Female,Warangal,Fashion,Jacket,1,2846.17,15.0,Net Banking,2026-09-01,4.0,7.0,No,2419.24,2419.2445,-0.004500000000007276
ORD114420,CUST7219,37.0,Male,Kolkata,Electronics,Smartwatch,2,7581.76,10.0,Net Banking,2025-11-09,4.1,4.0,No,13647.18,13647.168000000001,0.011999999998806743
ORD110605,CUST5646,23.0,Female,Bengaluru,Fashion,Jacket,1,2696.02,0.0,Debit Card,2026-11-15,3.3,1.0,No,2696.02,2696.02,0.0
ORD100477,CUST4551,39.0,Female,Visakhapatnam,Fashion,Jeans,2,1647.5,10.0,Debit Card,2025-11-10,4.8,2.0,No,2965.51,2965.5,0.010000000000218279
ORD109192,CUST3857,44.0,Male,Delhi,Fashion,Handbag,3,2482.46,15.0,Upi,2025-11-27,2.9,4.0,Yes,6330.27,6330.273,-0.0029999999997016857
ORD100488,CUST5897,31.0,Male,Mumbai,Electronics,Tablet,2,19950.5,5.0,Upi,2025-12-12,4.4,3.0,Yes,37905.95,37905.95,0.0
ORD100380,CUST5574,25.0,Female,Delhi,Beauty,Face Wash,1,489.3,0.0,Credit Card,2026-11-09,4.6,6.0,No,489.3,489.3,0.0
ORD110960,CUST5355,45.0,Female,Visakhapatnam,Books,Exam Guide,1,789.37,20.0,Net Banking,2025-05-07,4.0,2.0,No,631.49,631.4960000000001,-0.0060000000000854925
ORD103861,CUST8401,48.0,Female,Chennai,Fashion,Jacket,3,2874.16,20.0,Debit Card,2026-08-29,3.4,6.0,Yes,6897.98,6897.984,-0.004000000000814907
ORD101324,CUST1369,40.0,Female,Warangal,Beauty,Moisturizer,1,604.47,15.0,Debit Card,2025-09-04,3.2,5.0,No,513.8,513.7995,0.0004999999999881766
ORD102907,CUST4710,30.0,Male,Bengaluru,Books,Biography,2,709.99,15.0,Net Banking,2025-09-03,4.9,7.0,No,1206.98,1206.983,-0.0029999999999290594
ORD105203,CUST1155,36.0,Male,Kolkata,Electronics,Smartwatch,2,7247.0,20.0,Credit Card,2025-04-07,4.2,3.0,No,11595.2,11595.2,0.0
ORD101492,CUST5472,47.0,Female,Mumbai,Sports,Cricket Bat,1,3141.01,15.0,Cod,2026-01-04,3.5,8.0,No,2669.86,2669.8585000000003,0.0014999999998508429
ORD113500,CUST3055,28.0,Male,Mumbai,Beauty,Moisturizer,1,694.95,10.0,Cod,2025-02-12,3.6,3.0,Yes,625.46,625.455,0.0049999999999954525
ORD107337,CUST6755,28.0,Female,Ahmedabad,Home & Kitchen,Cookware Set,1,2920.18,0.0,Debit Card,2025-09-30,3.9,1.0,No,2920.18,2920.18,0.0
ORD101656,CUST2372,22.0,Male,Visakhapatnam,Fashion,Handbag,2,1955.55,5.0,Net Banking,2025-10-28,2.9,4.0,No,3715.55,3715.5449999999996,0.005000000000563887
ORD100543,CUST6787,28.0,Male,Chennai,Sports,Yoga Mat,1,831.7,20.0,Upi,2026-07-28,4.2,3.0,No,665.36,665.3600000000001,-1.1368683772161603e-13
ORD100150,CUST8539,26.0,Female,Delhi,Electronics,Headphones,2,2693.16,5.0,Net Banking,2026-10-07,4.4,6.0,No,5117.0,5117.004,-0.0039999999999054126
ORD102406,CUST6956,31.0,Female,Bengaluru,Electronics,Laptop,1,65832.03,0.0,Cod,2026-09-13,4.9,6.0,No,65832.03,65832.03,0.0
ORD106707,CUST8989,21.0,Male,Hyderabad,Electronics,Smartwatch,1,7915.15,0.0,Wallet,2026-03-20,3.8,2.0,No,7915.15,7915.15,0.0
ORD111343,CUST5658,41.0,Female,Delhi,Fashion,Jeans,3,1566.26,25.0,Credit Card,2026-07-18,4.9,1.0,No,3524.09,3524.085,0.005000000000109139
ORD107857,CUST2650,28.0,Other,Pune,Electronics,Laptop,3,55954.27,5.0,Wallet,2025-10-21,3.9,1.0,No,159469.68,159469.6695,0.010500000003958121
ORD112175,CUST4612,36.0,Male,Bengaluru,Books,Biography,3,564.0,10.0,Debit Card,2025-12-23,5.0,3.0,No,1522.81,1522.8,0.009999999999990905
ORD102232,CUST1043,36.0,Female,Visakhapatnam,Beauty,Moisturizer,1,768.28,10.0,Wallet,2025-09-25,4.5,4.0,No,691.46,691.452,0.008000000000038199
ORD111218,CUST7320,28.0,Female,Kolkata,Fashion,T-Shirt,2,1006.46,0.0,Net Banking,2026-06-04,4.0,6.0,No,2012.91,2012.92,-0.009999999999990905
ORD107473,CUST2683,22.0,Male,Vijayawada,Fashion,Shoes,1,2264.8,5.0,Wallet,2025-09-22,2.8,2.0,No,2151.56,2151.56,0.0
ORD110187,CUST1079,34.0,Male,Ahmedabad,Home & Kitchen,Mixer Grinder,1,3119.61,15.0,Cod,2025-08-20,4.3,1.0,No,2651.66,2651.6685,-0.008500000000367436
ORD104430,CUST8230,18.0,Female,Pune,Electronics,Laptop,1,68538.16,10.0,Upi,2026-10-27,3.6,4.0,No,61684.35,61684.344000000005,0.005999999993946403
ORD110543,CUST6348,34.0,Male,Pune,Electronics,Headphones,1,2604.73,5.0,Cod,2025-04-08,5.0,3.0,Yes,2474.49,2474.4935,-0.0035000000002582965
ORD107071,CUST6150,18.0,Male,Warangal,Beauty,Hair Dryer,2,2181.08,10.0,Upi,2026-12-06,2.6,6.0,No,3925.95,3925.944,0.005999999999858119
ORD105548,CUST6543,22.0,Male,Mumbai,Home & Kitchen,Cookware Set,3,2412.32,0.0,Upi,2025-06-03,3.3,8.0,No,7236.96,7236.960000000001,-9.094947017729282e-13
ORD110361,CUST8292,18.0,Male,Bengaluru,Sports,Football,1,1329.99,20.0,Upi,2025-10-16,3.6,2.0,No,1063.99,1063.992,-0.0019999999999527063
ORD113518,CUST6857,32.0,Female,Bengaluru,Electronics,Headphones,1,3063.17,20.0,Upi,2026-10-30,3.5,5.0,Yes,2450.53,2450.536,-0.005999999999858119
ORD103976,CUST3601,67.0,Male,Ahmedabad,Electronics,Headphones,1,3002.35,20.0,Upi,2026-09-03,3.8,7.0,No,2401.88,2401.88,0.0
ORD111276,CUST7954,32.0,Male,Vijayawada,Fashion,T-Shirt,1,832.41,5.0,Upi,2025-10-03,4.7,6.0,Yes,790.79,790.7895,0.0004999999999881766
ORD100567,CUST4729,33.0,Male,Chennai,Beauty,Perfume,1,1797.69,0.0,Upi,2026-08-26,1.9,6.0,No,1797.69,1797.69,0.0
ORD109418,CUST2243,31.0,Female,Bengaluru,Beauty,Perfume,1,2051.41,5.0,Debit Card,2026-02-10,5.0,2.0,No,1948.84,1948.8394999999998,0.0005000000001018634
ORD107349,CUST6429,26.0,Female,Chennai,Fashion,Jeans,3,1543.07,10.0,Wallet,2025-08-11,3.4,4.0,No,4166.3,4166.289,0.011000000000422006
ORD114445,CUST3336,19.0,Male,Hyderabad,Home & Kitchen,Mixer Grinder,3,3553.88,10.0,Debit Card,2026-03-01,3.9,2.0,Yes,9595.48,9595.476,0.003999999998995918
ORD111103,CUST2589,40.0,Female,Pune,Beauty,Face Wash,1,504.95,15.0,Debit Card,2026-07-18,2.8,4.0,No,429.2,429.2075,-0.007499999999993179
ORD103112,CUST6204,35.0,Male,Delhi,Fashion,T-Shirt,3,890.84,15.0,Credit Card,2026-02-02,3.3,4.0,No,2271.63,2271.642,-0.011999999999716238
ORD108383,CUST7971,25.0,Male,Warangal,Electronics,Tablet,1,19498.77,10.0,Credit Card,2026-07-13,3.9,8.0,No,17548.9,17548.893,0.007000000001426088
ORD111348,CUST2633,50.0,Male,Warangal,Electronics,Smartphone,2,26179.31,30.0,Credit Card,2025-01-05,2.9,2.0,No,36651.03,36651.034,-0.004000000000814907
ORD105187,CUST1420,26.0,Female,Pune,Electronics,Headphones,5,3264.1,0.0,Net Banking,2025-05-07,3.3,5.0,No,16320.51,16320.5,0.010000000000218279
ORD101088,CUST2308,39.0,Female,Mumbai,Beauty,Moisturizer,3,720.42,10.0,Upi,2025-10-30,4.7,4.0,No,1945.14,1945.1339999999998,0.006000000000312866
ORD103194,CUST2755,42.0,Male,Pune,Beauty,Perfume,3,2002.29,15.0,Wallet,2025-07-08,4.6,6.0,No,5105.85,5105.8395,0.010500000000320142
ORD112332,CUST4952,34.0,Female,Kolkata,Home & Kitchen,Bedsheet,2,1372.2,20.0,Debit Card,2026-04-05,4.0,3.0,No,2195.52,2195.52,0.0
ORD109397,CUST6625,32.0,Female,Pune,Home & Kitchen,Bedsheet,2,1462.35,5.0,Upi,2026-04-28,3.7,2.0,No,2778.46,2778.4649999999997,-0.004999999999654392
ORD105071,CUST1672,22.0,Male,Visakhapatnam,Fashion,T-Shirt,1,988.86,5.0,Debit Card,2026-05-03,2.7,5.0,No,939.42,939.4169999999999,0.0030000000000427463
ORD109026,CUST6672,31.0,Female,Pune,Home & Kitchen,Bedsheet,1,1525.82,15.0,Upi,2026-06-05,3.9,5.0,No,1296.95,1296.947,0.003000000000156433
ORD110507,CUST8001,49.0,Female,Kolkata,Home & Kitchen,Cookware Set,1,3114.63,20.0,Net Banking,2026-04-08,3.6,1.0,No,2491.7,2491.704,-0.00400000000036016
ORD104609,CUST3954,18.0,Other,Vijayawada,Electronics,Smartphone,3,27616.08,15.0,Wallet,2025-05-30,4.5,2.0,No,70421.0,70421.004,-0.004000000000814907
ORD107019,CUST1898,31.0,Male,Pune,Electronics,Smartwatch,1,6230.06,5.0,Credit Card,2025-09-01,4.6,5.0,No,5918.56,5918.557,0.0030000000006111804
ORD103785,CUST7677,43.0,Male,Guntur,Home & Kitchen,Cookware Set,4,2454.31,15.0,Cod,2025-01-30,3.4,6.0,No,8344.64,8344.654,-0.014000000001033186
ORD114830,CUST6724,36.0,Male,Mumbai,Sports,Football,3,1112.77,0.0,Cod,2026-04-25,3.9,2.0,No,3338.32,3338.31,0.010000000000218279
ORD108471,CUST4732,21.0,Male,Guntur,Fashion,T-Shirt,1,972.2,20.0,Upi,2025-11-20,4.2,3.0,No,777.76,777.7600000000001,-1.1368683772161603e-13
ORD111323,CUST1838,43.0,Male,Guntur,Home & Kitchen,Air Fryer,3,7266.47,20.0,Upi,2025-07-01,4.4,2.0,No,17439.54,17439.528000000002,0.011999999998806743
ORD105050,CUST1031,30.0,Female,Hyderabad,Books,Biography,4,670.1,0.0,Wallet,2025-02-23,4.2,3.0,No,2680.39,2680.4,-0.010000000000218279
ORD103479,CUST3967,25.0,Female,Vijayawada,Books,Biography,4,740.74,15.0,Cod,2025-05-29,4.0,2.0,No,2518.53,2518.516,0.014000000000123691
ORD103326,CUST2047,40.0,Male,Mumbai,Sports,Football,3,1068.63,15.0,Debit Card,2026-11-11,4.5,4.0,No,2725.01,2725.0065000000004,0.003499999999803549
ORD102272,CUST8786,28.0,Male,Pune,Home & Kitchen,Air Fryer,1,5804.95,0.0,Net Banking,2025-03-07,4.1,2.0,No,5804.95,5804.95,0.0
ORD108511,CUST4920,35.0,Female,Pune,Fashion,Handbag,1,2499.3,5.0,Debit Card,2025-12-17,4.3,6.0,No,2374.33,2374.335,-0.005000000000109139
ORD108880,CUST2049,20.0,Female,Pune,Home & Kitchen,Cookware Set,1,2932.78,15.0,Net Banking,2025-08-30,4.0,4.0,No,2492.86,2492.8630000000003,-0.003000000000156433
ORD111901,CUST1326,34.0,Female,Chennai,Electronics,Tablet,1,19383.36,15.0,Upi,2026-01-23,3.0,7.0,No,16475.86,16475.856,0.004000000000814907
ORD111443,CUST7218,19.0,Male,Visakhapatnam,Fashion,Handbag,1,2356.77,30.0,Credit Card,2026-01-31,4.5,3.0,No,1649.74,1649.7389999999998,0.0010000000002037268
ORD109267,CUST7896,30.0,Male,Visakhapatnam,Fashion,Jeans,2,1851.92,10.0,Wallet,2026-07-22,4.0,6.0,No,3333.46,3333.456,0.0039999999999054126
ORD105956,CUST4452,38.0,Female,Hyderabad,Home & Kitchen,Lamp,2,1114.02,5.0,Upi,2025-10-18,4.1,3.0,No,2116.64,2116.638,0.0019999999999527063
ORD110292,CUST3114,32.0,Male,Warangal,Beauty,Hair Dryer,2,1881.34,5.0,Wallet,2025-09-19,3.8,4.0,No,3574.55,3574.546,0.00400000000036016
ORD104140,CUST5157,47.0,Female,Bengaluru,Sports,Cricket Bat,3,2948.33,5.0,Upi,2025-03-24,3.9,8.0,No,8402.73,8402.7405,-0.010500000000320142
ORD110649,CUST6786,30.0,Female,Chennai,Fashion,Handbag,1,1956.7,15.0,Net Banking,2025-01-11,4.2,5.0,No,1663.2,1663.195,0.005000000000109139
ORD108730,CUST7153,33.0,Male,Hyderabad,Fashion,T-Shirt,4,994.29,10.0,Upi,2025-05-16,2.6,5.0,No,3579.44,3579.444,-0.0039999999999054126
ORD109394,CUST2687,19.0,Female,Guntur,Electronics,Smartwatch,2,6740.82,10.0,Credit Card,2025-10-23,3.7,7.0,No,12133.47,12133.476,-0.006000000001222361
ORD103345,CUST3551,43.0,Male,Visakhapatnam,Home & Kitchen,Air Fryer,1,7197.58,10.0,Upi,2026-08-10,3.5,1.0,Yes,6477.82,6477.822,-0.0020000000004074536
ORD112079,CUST3171,35.0,Male,Delhi,Electronics,Smartwatch,1,6546.14,10.0,Credit Card,2026-12-05,4.8,3.0,No,5891.53,5891.526000000001,0.003999999998995918
ORD108404,CUST3405,32.0,Male,Bengaluru,Sports,Yoga Mat,5,978.62,25.0,Credit Card,2025-08-28,4.5,5.0,No,3669.82,3669.8250000000003,-0.005000000000109139
ORD110376,CUST5647,40.0,Female,Warangal,Beauty,Moisturizer,1,649.25,25.0,Cod,2026-12-22,2.5,6.0,No,486.94,486.9375,0.0024999999999977263
ORD110324,CUST5285,45.0,Male,Vijayawada,Home & Kitchen,Mixer Grinder,1,3468.86,5.0,Credit Card,2025-09-16,3.9,3.0,No,3295.41,3295.417,-0.007000000000061846
ORD107054,CUST7537,26.0,Male,Ahmedabad,Fashion,T-Shirt,1,927.15,0.0,Net Banking,2025-04-14,5.0,6.0,Yes,927.15,927.15,0.0
ORD105206,CUST8000,44.0,Female,Visakhapatnam,Electronics,Smartphone,1,25150.96,15.0,Cod,2026-11-15,3.8,6.0,No,21378.31,21378.316,-0.005999999997584382
ORD102590,CUST4407,38.0,Other,Pune,Fashion,Shoes,1,2325.08,0.0,Net Banking,2026-12-16,3.9,6.0,No,2325.08,2325.08,0.0
ORD107318,CUST2212,22.0,Female,Mumbai,Books,Novel,3,500.0,10.0,Wallet,2025-01-11,2.8,5.0,No,1350.01,1350.0,0.009999999999990905
ORD107435,CUST4989,99.0,Female,Visakhapatnam,Electronics,Headphones,3,2639.46,0.0,Net Banking,2025-03-04,3.8,2.0,Yes,7918.39,7918.38,0.010000000000218279
ORD107460,CUST5613,47.0,Male,Bengaluru,Beauty,Hair Dryer,3,2463.28,10.0,Debit Card,2026-12-13,2.8,6.0,No,6650.87,6650.856000000001,0.013999999999214197
ORD102754,CUST5158,18.0,Female,Visakhapatnam,Electronics,Smartphone,3,24538.28,10.0,Cod,2025-02-05,5.0,5.0,No,66253.37,66253.356,0.013999999995576218
ORD105953,CUST4864,33.0,Female,Bengaluru,Fashion,Jeans,1,1622.69,20.0,Wallet,2026-11-03,5.0,5.0,No,1298.15,1298.152,-0.0019999999999527063
ORD106019,CUST6021,37.0,Male,Pune,Beauty,Hair Dryer,1,2502.63,15.0,Wallet,2025-08-26,2.2,8.0,No,2127.23,2127.2355000000002,-0.005500000000211003
ORD112330,CUST6869,30.0,Female,Pune,Home & Kitchen,Mixer Grinder,1,3075.89,10.0,Credit Card,2025-05-14,4.4,5.0,No,2768.3,2768.301,-0.0009999999997489795
ORD112084,CUST4571,35.0,Female,Delhi,Beauty,Moisturizer,3,761.1,5.0,Upi,2025-04-07,4.4,1.0,Yes,2169.13,2169.135,-0.005000000000109139
ORD110406,CUST1206,32.0,Female,Kolkata,Electronics,Tablet,2,22386.09,10.0,Net Banking,2026-11-07,3.1,4.0,No,40294.97,40294.962,0.008000000001629815
ORD100252,CUST2938,37.0,Male,Delhi,Sports,Yoga Mat,2,948.74,15.0,Debit Card,2025-05-12,4.2,1.0,No,1612.86,1612.858,0.0019999999999527063
ORD111850,CUST8888,35.0,Female,Bengaluru,Electronics,Smartwatch,1,6648.47,5.0,Wallet,2026-01-29,4.5,8.0,No,6316.05,6316.0465,0.003499999999803549
ORD101714,CUST5017,42.0,Female,Mumbai,Sports,Running Shoes,5,3320.24,5.0,Credit Card,2025-09-03,3.1,4.0,Yes,15771.14,15771.139999999996,3.637978807091713e-12
ORD106779,CUST7937,32.0,Male,Delhi,Fashion,Shoes,2,2453.82,20.0,Wallet,2025-06-27,2.7,6.0,No,3926.11,3926.1120000000005,-0.0020000000004074536
ORD103708,CUST1501,39.0,Female,Ahmedabad,Beauty,Hair Dryer,3,2302.94,15.0,Cod,2026-12-12,4.7,6.0,No,5872.51,5872.496999999999,0.01300000000082946
ORD107860,CUST6449,47.0,Male,Warangal,Beauty,Perfume,1,1963.7,30.0,Wallet,2025-05-22,2.8,7.0,No,1374.59,1374.59,0.0
ORD109531,CUST8858,43.0,Male,Ahmedabad,Home & Kitchen,Cookware Set,1,2429.5,25.0,Credit Card,2026-06-05,4.6,5.0,No,1822.13,1822.125,0.005000000000109139
ORD114060,CUST3765,32.0,Female,Ahmedabad,Electronics,Headphones,1,3320.47,0.0,Upi,2025-12-27,3.7,6.0,No,3320.47,3320.47,0.0
ORD109593,CUST1374,32.0,Female,Pune,Books,Programming Book,1,908.39,10.0,Wallet,2026-08-26,3.7,4.0,No,817.55,817.551,-0.00100000000009004
ORD110578,CUST6720,48.0,Male,Guntur,Fashion,Jacket,1,3336.57,10.0,Net Banking,2025-05-15,4.5,5.0,No,3002.91,3002.913,-0.003000000000156433
ORD107307,CUST3483,23.0,Female,Warangal,Electronics,Smartphone,1,22880.44,25.0,Credit Card,2026-12-25,4.8,3.0,No,17160.33,17160.329999999998,3.637978807091713e-12
ORD114875,CUST5458,43.0,Female,Vijayawada,Fashion,Handbag,1,2503.82,25.0,Debit Card,2026-03-05,4.6,5.0,No,1877.87,1877.8650000000002,0.004999999999654392
ORD108447,CUST1612,30.0,Female,Hyderabad,Fashion,T-Shirt,1,928.94,20.0,Wallet,2026-12-02,2.1,5.0,No,743.15,743.152,-0.002000000000066393
ORD114201,CUST3188,41.0,Male,Delhi,Home & Kitchen,Cookware Set,2,3174.41,10.0,Credit Card,2026-04-26,4.2,2.0,No,4761.62,5713.938,-952.3180000000002
ORD114156,CUST8749,23.0,Female,Visakhapatnam,Beauty,Hair Dryer,4,2104.5,5.0,Net Banking,2026-04-11,3.6,5.0,No,7997.1,7997.099999999999,9.094947017729282e-13
ORD103070,CUST4860,32.0,Female,Guntur,Fashion,Jeans,1,1657.56,20.0,Net Banking,2026-09-25,3.9,6.0,No,1326.05,1326.048,0.0019999999999527063
ORD102141,CUST8028,42.0,Male,Chennai,Sports,Yoga Mat,3,850.08,15.0,Cod,2026-01-20,2.6,5.0,No,2167.7,2167.704,-0.00400000000036016
ORD112674,CUST8628,53.0,Male,Kolkata,Home & Kitchen,Bedsheet,3,1644.89,10.0,Wallet,2025-11-13,3.4,1.0,No,4441.2,4441.203,-0.0030000000006111804
ORD110444,CUST7071,18.0,Female,Warangal,Home & Kitchen,Air Fryer,3,6348.82,10.0,Wallet,2025-11-08,3.3,3.0,No,17141.81,17141.814,-0.0039999999971769284
ORD104257,CUST8743,44.0,Female,Chennai,Electronics,Headphones,2,2767.57,5.0,Wallet,2025-08-06,3.4,5.0,No,5258.38,5258.383,-0.0029999999997016857
ORD113882,CUST5304,19.0,Other,Mumbai,Electronics,Smartwatch,2,6070.5,10.0,Cod,2025-10-30,5.0,7.0,No,10926.89,10926.9,-0.010000000000218279
ORD101140,CUST5474,21.0,Male,Mumbai,Beauty,Face Wash,1,3319.38,5.0,Cod,2025-03-01,4.2,6.0,No,3153.41,3153.411,-0.0010000000002037268
ORD108886,CUST8849,36.0,Male,Warangal,Electronics,Laptop,1,63704.25,30.0,Debit Card,2026-06-13,4.1,5.0,No,44592.97,44592.975,-0.004999999997380655
ORD107991,CUST8179,38.0,Male,Guntur,Home & Kitchen,Air Fryer,2,6441.54,10.0,Net Banking,2025-02-03,4.3,7.0,No,11594.78,11594.772,0.007999999999810825
ORD109939,CUST4636,39.0,Female,Visakhapatnam,Beauty,Makeup Kit,1,2168.43,20.0,Net Banking,2026-10-27,3.2,7.0,No,1734.74,1734.744,-0.0039999999999054126
ORD102975,CUST5382,36.0,Female,Bengaluru,Home & Kitchen,Bedsheet,1,1699.4,20.0,Credit Card,2026-05-30,5.0,2.0,No,1359.52,1359.5200000000002,-2.2737367544323206e-13
ORD105000,CUST4622,28.0,Female,Mumbai,Home & Kitchen,Cookware Set,1,2751.6,10.0,Upi,2026-10-25,4.3,2.0,No,2476.44,2476.44,0.0
ORD105806,CUST1382,28.0,Male,Visakhapatnam,Beauty,Makeup Kit,1,2567.86,25.0,Debit Card,2026-03-16,3.9,6.0,Yes,1925.89,1925.895,-0.004999999999881766
ORD104075,CUST1345,18.0,Female,Ahmedabad,Electronics,Smartphone,2,23783.97,5.0,Wallet,2025-07-31,3.1,7.0,Yes,45189.55,45189.543,0.0070000000050640665
ORD103155,CUST1589,26.0,Male,Vijayawada,Electronics,Tablet,2,23176.93,20.0,Net Banking,2025-03-20,2.7,6.0,Yes,37083.09,37083.088,0.001999999993131496
ORD103502,CUST1710,32.0,Male,Warangal,Home & Kitchen,Mixer Grinder,1,4003.81,20.0,Upi,2025-12-02,3.6,3.0,Yes,3203.04,3203.0480000000002,-0.008000000000265572
ORD100388,CUST3880,43.0,Female,Vijayawada,Books,Novel,1,434.72,15.0,Net Banking,2026-06-20,3.4,5.0,Yes,369.51,369.512,-0.0020000000000095497
ORD100170,CUST2577,18.0,Female,Bengaluru,Books,Novel,2,513.28,5.0,Credit Card,2025-01-27,3.4,6.0,Yes,975.24,975.2319999999999,0.008000000000151886
ORD109712,CUST3877,27.0,Female,Ahmedabad,Fashion,T-Shirt,1,988.58,10.0,Net Banking,2026-01-08,4.9,6.0,No,889.72,889.7220000000001,-0.002000000000066393
ORD104190,CUST1981,31.0,Female,Bengaluru,Home & Kitchen,Lamp,1,1274.14,20.0,Credit Card,2026-10-28,4.6,4.0,No,1019.31,1019.3120000000001,-0.00200000000018008
ORD103129,CUST5169,24.0,Female,Vijayawada,Beauty,Perfume,1,1544.72,15.0,Debit Card,2025-07-06,3.1,4.0,No,1313.01,1313.012,-0.0019999999999527063
ORD114828,CUST6374,49.0,Male,Hyderabad,Electronics,Tablet,1,22641.22,10.0,Wallet,2026-02-05,3.7,4.0,No,20377.1,20377.098,0.001999999996769475
ORD110625,CUST1961,20.0,Female,Vijayawada,Home & Kitchen,Air Fryer,4,6402.91,15.0,Cod,2026-07-09,4.4,3.0,No,21769.9,21769.894,0.006000000001222361
ORD109080,CUST5674,30.0,Male,Mumbai,Fashion,Shoes,1,2244.45,5.0,Wallet,2025-10-08,3.6,4.0,No,2132.23,2132.2274999999995,0.002500000000509317
ORD114252,CUST3513,33.0,Female,Vijayawada,Electronics,Smartphone,1,25189.06,10.0,Credit Card,2025-02-12,2.6,5.0,No,22670.16,22670.154000000002,0.005999999997584382
ORD112687,CUST2788,27.0,Female,Chennai,Beauty,Perfume,1,1855.97,20.0,Upi,2025-04-16,4.3,3.0,No,1484.77,1484.776,-0.0060000000000854925
ORD110139,CUST6193,33.0,Female,Chennai,Fashion,Jeans,1,1670.74,15.0,Upi,2025-02-26,4.3,1.0,No,1420.13,1420.129,0.0010000000002037268
ORD102055,CUST7748,39.0,Other,Pune,Fashion,Jeans,2,2058.82,0.0,Debit Card,2025-12-16,3.4,6.0,Yes,4117.63,4117.64,-0.010000000000218279
ORD112356,CUST5905,28.0,Male,Mumbai,Fashion,Handbag,1,2514.19,10.0,Net Banking,2025-05-30,3.9,4.0,No,2262.77,2262.771,-0.0010000000002037268
ORD100933,CUST7882,38.0,Female,Vijayawada,Fashion,Shoes,2,2815.57,5.0,Upi,2026-06-25,5.0,6.0,No,5349.58,5349.583,-0.0029999999997016857
ORD105850,CUST7636,34.0,Male,Guntur,Beauty,Makeup Kit,1,2405.45,5.0,Net Banking,2026-05-13,3.4,6.0,No,2285.18,2285.1775,0.0025000000000545697
ORD112836,CUST8687,32.0,Male,Guntur,Electronics,Smartwatch,3,8015.48,20.0,Credit Card,2025-07-31,4.1,5.0,No,19237.15,19237.152,-0.001999999996769475
ORD105408,CUST7288,28.0,Male,Kolkata,Electronics,Smartphone,5,23987.38,10.0,Net Banking,2025-06-01,3.0,9.0,No,107943.2,107943.21,-0.010000000009313226
ORD101271,CUST3101,32.0,Other,Mumbai,Books,Exam Guide,1,632.97,25.0,Debit Card,2026-05-12,2.8,3.0,No,474.72,474.7275,-0.007499999999993179
ORD112506,CUST2006,32.0,Male,Guntur,Electronics,Tablet,1,24373.14,25.0,Cod,2025-03-23,3.1,2.0,No,18279.86,18279.855,0.005000000001018634
ORD102217,CUST7450,33.0,Female,Guntur,Electronics,Headphones,1,3287.15,10.0,Net Banking,2025-02-10,3.3,6.0,No,2958.43,2958.435,-0.005000000000109139
ORD105130,CUST4199,37.0,Female,Vijayawada,Books,Exam Guide,2,655.77,0.0,Credit Card,2025-10-12,4.6,5.0,No,1311.54,1311.54,0.0
ORD110765,CUST2192,19.0,Female,Bengaluru,Home & Kitchen,Lamp,1,1067.66,10.0,Credit Card,2026-02-12,4.3,6.0,No,960.89,960.8940000000001,-0.004000000000132786
ORD107999,CUST5384,38.0,Male,Chennai,Electronics,Headphones,2,3140.03,5.0,Cod,2026-01-25,5.0,6.0,No,5966.05,5966.057,-0.006999999999607098
ORD109237,CUST4372,36.0,Female,Pune,Fashion,Jeans,1,1752.26,5.0,Upi,2026-10-19,3.6,4.0,Yes,1664.65,1664.647,0.003000000000156433
ORD102445,CUST3970,30.0,Male,Bengaluru,Home & Kitchen,Air Fryer,1,6224.25,15.0,Upi,2025-12-26,3.1,5.0,No,5290.61,5290.6125,-0.002500000000509317
ORD108535,CUST8850,27.0,Female,Hyderabad,Beauty,Makeup Kit,2,2659.77,15.0,Wallet,2025-06-30,4.1,2.0,No,4521.61,4521.6089999999995,0.0010000000002037268
ORD112535,CUST5589,39.0,Female,Ahmedabad,Fashion,Jacket,4,3364.68,0.0,Credit Card,2025-03-16,4.4,4.0,No,13458.71,13458.72,-0.010000000000218279
ORD104833,CUST4943,19.0,Female,Warangal,Beauty,Face Wash,1,505.11,20.0,Wallet,2026-01-18,4.3,3.0,No,404.08,404.088,-0.008000000000038199
ORD109153,CUST8720,30.0,Female,Warangal,Home & Kitchen,Cookware Set,1,2895.75,10.0,Debit Card,2026-04-17,3.6,3.0,No,2606.18,2606.175,0.004999999999654392
ORD113115,CUST2861,21.0,Female,Chennai,Electronics,Smartphone,1,27924.21,10.0,Credit Card,2025-08-13,4.2,4.0,No,25131.79,25131.789,0.0010000000002037268
ORD108257,CUST6679,34.0,Male,Warangal,Beauty,Hair Dryer,3,1963.07,15.0,Cod,2025-04-26,4.0,7.0,Yes,5005.82,5005.8285,-0.008499999999912689
ORD105141,CUST4453,34.0,Female,Pune,Home & Kitchen,Lamp,3,1194.55,5.0,Cod,2026-01-25,2.7,3.0,No,3404.47,3404.4674999999993,0.002500000000509317
ORD111157,CUST5201,40.0,Female,Delhi,Books,Exam Guide,4,640.47,15.0,Debit Card,2025-04-11,4.3,6.0,No,2177.59,2177.598,-0.007999999999810825
ORD105271,CUST8766,26.0,Female,Chennai,Books,Programming Book,1,804.38,15.0,Credit Card,2026-08-03,3.4,4.0,No,683.73,683.723,0.007000000000061846
ORD107202,CUST1260,36.0,Male,Hyderabad,Fashion,Handbag,1,2206.36,0.0,Credit Card,2025-09-24,3.3,3.0,No,2206.36,2206.36,0.0
ORD103367,CUST5844,35.0,Female,Kolkata,Beauty,Hair Dryer,1,2235.09,20.0,Cod,2026-07-10,4.7,6.0,No,1788.07,1788.0720000000001,-0.00200000000018008
ORD109821,CUST8677,18.0,Female,Mumbai,Sports,Cricket Bat,2,2758.82,5.0,Wallet,2026-12-08,3.0,6.0,Yes,5241.75,5241.758,-0.007999999999810825
ORD105036,CUST2911,29.0,Male,Kolkata,Electronics,Smartphone,1,23506.64,20.0,Wallet,2026-08-20,4.0,6.0,No,18805.31,18805.312,-0.0020000000004074536
ORD105220,CUST2136,33.0,Other,Kolkata,Electronics,Headphones,1,3094.07,15.0,Cod,2025-07-03,4.0,5.0,Yes,2629.96,2629.9595,0.0005000000001018634
ORD107970,CUST4102,22.0,Male,Guntur,Electronics,Tablet,4,19438.73,0.0,Upi,2026-03-23,2.7,8.0,No,77754.9,77754.92,-0.020000000004074536
ORD112981,CUST3337,24.0,Female,Guntur,Electronics,Tablet,1,25030.85,0.0,Wallet,2026-01-23,3.9,5.0,No,25030.85,25030.85,0.0
ORD112763,CUST3251,25.0,Female,Pune,Fashion,Jacket,1,2704.17,10.0,Net Banking,2026-01-24,2.7,6.0,No,2433.75,2433.753,-0.003000000000156433
ORD109365,CUST5743,32.0,Male,Vijayawada,Beauty,Moisturizer,4,609.29,20.0,Wallet,2025-09-12,3.3,5.0,No,1949.73,1949.728,0.0019999999999527063
ORD108411,CUST3564,26.0,Female,Guntur,Beauty,Face Wash,1,502.16,10.0,Wallet,2026-01-17,4.1,5.0,No,451.94,451.944,-0.004000000000019099
ORD103990,CUST5249,43.0,Female,Chennai,Books,Novel,3,444.49,10.0,Cod,2026-12-11,3.5,5.0,No,1200.12,1200.123,-0.003000000000156433
ORD108676,CUST6636,33.0,Male,Ahmedabad,Beauty,Makeup Kit,1,2414.16,20.0,Cod,2025-01-03,4.2,5.0,No,1931.33,1931.328,0.0019999999999527063
ORD111565,CUST1318,35.0,Male,Mumbai,Electronics,Smartphone,5,22540.06,25.0,Credit Card,2026-11-02,4.0,4.0,No,84525.24,84525.225,0.014999999999417923
ORD114555,CUST3939,31.0,Male,Visakhapatnam,Home & Kitchen,Air Fryer,1,6097.63,5.0,Wallet,2025-02-13,4.6,3.0,No,5792.75,5792.7485,0.0015000000003055902
ORD113562,CUST7245,39.0,Female,Mumbai,Electronics,Headphones,3,3430.64,10.0,Net Banking,2026-10-24,3.7,6.0,No,9262.72,9262.728000000001,-0.008000000001629815
ORD110183,CUST6445,36.0,Female,Guntur,Electronics,Headphones,4,2765.13,5.0,Net Banking,2026-04-10,4.0,2.0,Yes,10507.51,10507.494,0.01599999999962165
ORD102499,CUST4933,31.0,Male,Vijayawada,Sports,Cricket Bat,1,2694.52,20.0,Credit Card,2026-05-10,3.2,4.0,No,2155.62,2155.616,0.0039999999999054126
ORD114335,CUST7563,41.0,Female,Kolkata,Electronics,Smartphone,1,28418.66,15.0,Wallet,2026-01-01,4.5,4.0,No,24155.86,24155.861,-0.0010000000002037268
ORD110403,CUST5668,24.0,Female,Chennai,Home & Kitchen,Mixer Grinder,2,3619.69,5.0,Upi,2025-08-08,4.2,5.0,No,6877.41,6877.411,-0.0010000000002037268
ORD114021,CUST5991,38.0,Male,Bengaluru,Beauty,Moisturizer,2,798.63,20.0,Net Banking,2025-02-14,3.3,3.0,No,1277.81,1277.808,0.0019999999999527063
ORD100340,CUST4871,32.0,Male,Visakhapatnam,Books,Exam Guide,1,706.41,20.0,Wallet,2025-02-05,3.9,5.0,No,565.13,565.128,0.0019999999999527063
ORD102772,CUST6095,20.0,Female,Ahmedabad,Sports,Football,2,1127.93,15.0,Credit Card,2025-01-06,3.8,4.0,No,1917.48,1917.481,-0.0009999999999763531
ORD113538,CUST1602,18.0,Male,Mumbai,Books,Biography,1,732.56,20.0,Wallet,2026-01-31,4.9,5.0,No,586.05,586.048,0.0019999999999527063
ORD103493,CUST6697,18.0,Female,Delhi,Sports,Dumbbells,3,2454.79,30.0,Wallet,2026-07-07,3.4,7.0,No,5155.07,5155.058999999999,0.011000000000422006
ORD109420,CUST2557,25.0,Female,Visakhapatnam,Books,Biography,1,715.23,15.0,Net Banking,2026-05-15,2.9,5.0,No,607.95,607.9455,0.004500000000007276
ORD108711,CUST8906,36.0,Male,Hyderabad,Beauty,Face Wash,2,569.02,10.0,Net Banking,2026-07-02,3.7,5.0,No,1024.24,1024.236,0.0039999999999054126
ORD100089,CUST4176,32.0,Female,Ahmedabad,Electronics,Smartphone,4,23949.53,20.0,Wallet,2025-02-24,3.9,3.0,No,76638.48,76638.496,-0.01600000000325963
ORD111733,CUST5095,38.0,Female,Chennai,Books,Biography,1,702.27,0.0,Upi,2025-05-23,5.0,8.0,No,702.27,702.27,0.0
ORD109823,CUST7261,27.0,Male,Mumbai,Home & Kitchen,Lamp,4,1233.7,20.0,Cod,2026-10-02,4.0,5.0,No,3947.83,3947.84,-0.010000000000218279
ORD114692,CUST2343,51.0,Female,Ahmedabad,Electronics,Tablet,2,24999.61,10.0,Wallet,2025-08-20,4.6,4.0,No,44999.29,44999.298,-0.008000000001629815
ORD106188,CUST8064,27.0,Female,Pune,Fashion,Jeans,1,2000.68,20.0,Net Banking,2026-06-05,4.6,5.0,No,1600.54,1600.544,-0.004000000000132786
ORD101715,CUST4254,38.0,Male,Pune,Fashion,T-Shirt,3,913.67,15.0,Credit Card,2025-08-08,3.9,1.0,No,2329.86,2329.8585,0.0015000000003055902
ORD107795,CUST4244,18.0,Male,Warangal,Home & Kitchen,Air Fryer,1,7402.29,15.0,Credit Card,2025-05-12,3.8,6.0,No,6291.95,6291.9465,0.003499999999803549
ORD102563,CUST4526,33.0,Female,Kolkata,Beauty,Moisturizer,2,605.9,10.0,Net Banking,2025-04-19,4.4,4.0,No,1211.81,1090.62,121.19000000000005
ORD111961,CUST1398,34.0,Male,Pune,Home & Kitchen,Lamp,4,1254.48,15.0,Net Banking,2026-01-16,3.6,3.0,No,4265.24,4265.232,0.007999999999810825
ORD114377,CUST6896,28.0,Female,Kolkata,Fashion,Handbag,2,2203.5,25.0,Wallet,2025-08-30,4.2,4.0,Yes,3305.25,3305.25,0.0
ORD107707,CUST8964,30.0,Male,Mumbai,Electronics,Headphones,3,3065.05,10.0,Wallet,2025-12-12,3.5,3.0,No,8275.64,8275.635000000002,0.004999999997380655
ORD113633,CUST8136,33.0,Female,Guntur,Books,Programming Book,5,857.18,15.0,Cod,2026-04-15,3.6,4.0,No,3643.02,3643.0149999999994,0.005000000000563887
ORD107316,CUST2177,44.0,Male,Pune,Electronics,Smartphone,3,27470.03,10.0,Net Banking,2025-08-26,3.8,5.0,No,74169.08,74169.081,-0.0010000000038417056
ORD107493,CUST7236,30.0,Female,Pune,Beauty,Face Wash,1,493.24,15.0,Net Banking,2026-03-04,4.0,7.0,No,419.25,419.254,-0.004000000000019099
ORD103015,CUST1373,25.0,Male,Warangal,Fashion,Handbag,2,1998.51,0.0,Cod,2026-07-01,3.9,6.0,No,3997.02,3997.02,0.0
ORD109034,CUST1494,36.0,Male,Ahmedabad,Sports,Cricket Bat,1,3191.28,15.0,Wallet,2025-10-19,4.7,4.0,No,2712.59,2712.588,0.0019999999999527063
ORD114997,CUST2931,33.0,Male,Hyderabad,Home & Kitchen,Lamp,1,1122.14,10.0,Debit Card,2025-09-02,3.7,4.0,No,1009.93,1009.9260000000002,0.003999999999791726
ORD110374,CUST7538,38.0,Male,Hyderabad,Electronics,Smartphone,4,22127.84,15.0,Wallet,2025-03-10,5.0,3.0,Yes,75234.67,75234.656,0.013999999995576218
ORD112975,CUST8870,35.0,Male,Chennai,Electronics,Smartphone,1,23946.71,10.0,Net Banking,2025-09-13,5.0,2.0,Yes,21552.04,21552.039,0.0010000000002037268
ORD108423,CUST8163,34.0,Female,Mumbai,Beauty,Face Wash,1,573.19,5.0,Upi,2026-12-14,3.6,7.0,No,544.54,544.5305000000001,0.009499999999889042
ORD102679,CUST4646,32.0,Female,Mumbai,Beauty,Perfume,2,1708.06,5.0,Wallet,2026-12-06,4.2,4.0,No,3245.32,3245.314,0.006000000000312866
ORD101684,CUST3020,32.0,Female,Pune,Fashion,Jacket,1,3335.07,10.0,Cod,2025-06-09,4.6,3.0,Yes,3001.57,3001.563,0.007000000000061846
ORD110497,CUST4414,31.0,Male,Warangal,Fashion,Handbag,3,2167.08,10.0,Upi,2025-08-14,3.3,5.0,No,5851.12,5851.116,0.0039999999999054126
ORD106225,CUST6447,40.0,Male,Pune,Home & Kitchen,Bedsheet,1,1326.16,10.0,Credit Card,2026-08-07,3.1,4.0,No,1193.55,1193.544,0.005999999999858119
ORD102418,CUST5404,23.0,Female,Bengaluru,Home & Kitchen,Air Fryer,3,5699.61,0.0,Cod,2026-03-16,3.9,1.0,No,17098.84,17098.829999999998,0.010000000002037268
ORD111570,CUST8384,43.0,Male,Kolkata,Home & Kitchen,Air Fryer,1,7140.61,5.0,Net Banking,2026-01-20,4.5,1.0,No,6783.58,6783.5795,0.0005000000001018634
ORD105555,CUST8320,52.0,Male,Guntur,Beauty,Perfume,1,1908.07,15.0,Upi,2026-01-10,3.9,4.0,No,1621.86,1621.8594999999998,0.0005000000001018634
ORD102958,CUST5996,38.0,Female,Ahmedabad,Electronics,Smartwatch,1,6260.54,10.0,Cod,2025-07-03,3.0,5.0,No,5634.49,5634.486,0.0039999999999054126
ORD113346,CUST7611,46.0,Female,Visakhapatnam,Sports,Football,1,1324.72,15.0,Net Banking,2026-01-03,5.0,5.0,No,1126.01,1126.012,-0.0019999999999527063
ORD110925,CUST8547,27.0,Female,Delhi,Fashion,Shoes,1,2375.55,5.0,Credit Card,2026-06-06,3.3,6.0,No,2256.77,2256.7725,-0.0025000000000545697
ORD103214,CUST1946,31.0,Female,Bengaluru,Home & Kitchen,Lamp,1,1284.35,15.0,Upi,2026-02-11,2.6,3.0,No,1091.7,1091.6975,0.0025000000000545697
ORD110299,CUST6762,31.0,Female,Vijayawada,Home & Kitchen,Lamp,1,1271.22,20.0,Debit Card,2025-07-04,5.0,4.0,No,1016.97,1016.9760000000001,-0.0060000000000854925
ORD112646,CUST6034,28.0,Other,Pune,Sports,Running Shoes,3,3813.89,20.0,Wallet,2025-12-17,4.8,4.0,No,9153.35,9153.336000000001,0.013999999999214197
ORD105779,CUST1031,40.0,Female,Warangal,Beauty,Face Wash,2,569.06,25.0,Debit Card,2026-03-26,3.2,4.0,No,853.59,853.5899999999999,1.1368683772161603e-13
ORD113494,CUST4800,37.0,Female,Bengaluru,Fashion,Shoes,3,2310.52,0.0,Debit Card,2025-08-20,4.7,2.0,No,6931.55,6931.5599999999995,-0.009999999999308784
ORD112190,CUST1823,34.0,Female,Ahmedabad,Electronics,Headphones,2,3128.97,25.0,Net Banking,2026-07-14,4.0,2.0,No,4693.46,4693.455,0.005000000000109139
ORD106881,CUST7993,31.0,Female,Hyderabad,Electronics,Smartphone,1,25687.98,15.0,Debit Card,2026-09-10,4.8,4.0,No,21834.78,21834.783,-0.0030000000006111804
ORD101945,CUST2963,18.0,Other,Delhi,Sports,Cricket Bat,1,3197.72,0.0,Credit Card,2026-11-25,3.6,2.0,No,3197.72,3197.72,0.0
ORD113102,CUST7973,23.0,Female,Delhi,Electronics,Smartphone,1,22687.51,5.0,Upi,2025-10-14,3.5,4.0,No,21553.14,21553.134499999996,0.005500000002939487
ORD110505,CUST7475,36.0,Male,Ahmedabad,Beauty,Face Wash,5,572.4,20.0,Debit Card,2025-05-09,3.9,7.0,No,2289.6,2289.6,0.0
ORD104116,CUST2125,18.0,Female,Chennai,Fashion,Handbag,1,1948.72,30.0,Credit Card,2025-02-16,4.5,5.0,No,1364.11,1364.104,0.005999999999858119
ORD107912,CUST6056,36.0,Female,Vijayawada,Electronics,Smartwatch,2,6641.88,10.0,Net Banking,2026-12-09,4.3,6.0,No,11955.39,11955.384,0.0059999999994033715
ORD107972,CUST6532,28.0,Female,Vijayawada,Electronics,Headphones,1,3393.16,0.0,Credit Card,2025-02-22,3.9,1.0,Yes,3393.16,3393.16,0.0
ORD114815,CUST8295,33.0,Male,Kolkata,Electronics,Laptop,1,51413.15,15.0,Upi,2026-12-24,2.5,4.0,No,43701.18,43701.1775,0.0025000000023283064
ORD103618,CUST2115,26.0,Male,Bengaluru,Electronics,Smartwatch,3,6527.81,10.0,Wallet,2026-03-02,2.9,2.0,No,17625.09,17625.087,0.0030000000006111804
ORD102526,CUST8503,23.0,Female,Delhi,Electronics,Tablet,1,22377.66,5.0,Cod,2025-02-11,3.9,7.0,No,21258.77,21258.777,-0.006999999997788109
ORD102070,CUST4025,30.0,Female,Delhi,Home & Kitchen,Cookware Set,1,3020.18,30.0,Credit Card,2026-04-20,3.6,7.0,Yes,2114.13,2114.1259999999997,0.00400000000036016
ORD105285,CUST6296,27.0,Female,Chennai,Electronics,Laptop,3,55782.6,10.0,Wallet,2026-10-01,3.8,8.0,No,150613.03,150613.02,0.010000000009313226
ORD104731,CUST3439,26.0,Female,Pune,Fashion,T-Shirt,1,783.55,5.0,Wallet,2025-09-12,4.5,8.0,No,744.37,744.3725,-0.002499999999940883
ORD100709,CUST7554,25.0,Female,Guntur,Fashion,T-Shirt,1,1020.76,20.0,Net Banking,2025-05-28,4.2,4.0,No,816.61,816.6080000000001,0.0019999999999527063
ORD102639,CUST8364,18.0,Female,Hyderabad,Sports,Cricket Bat,1,3261.02,15.0,Net Banking,2026-08-17,3.4,3.0,No,2771.87,2771.8669999999997,0.003000000000156433
ORD101108,CUST1296,37.0,Female,Warangal,Fashion,Jacket,1,2805.99,10.0,Cod,2026-06-28,3.8,4.0,Yes,2525.39,2525.391,-0.0010000000002037268
ORD108848,CUST7104,18.0,Male,Bengaluru,Home & Kitchen,Lamp,1,1296.51,0.0,Upi,2025-08-29,2.7,6.0,No,1296.51,1296.51,0.0
ORD104853,CUST8466,27.0,Female,Warangal,Sports,Cricket Bat,1,2687.08,10.0,Net Banking,2025-09-04,4.2,1.0,Yes,2418.37,2418.372,-0.0019999999999527063
ORD104251,CUST1402,38.0,Female,Guntur,Fashion,T-Shirt,1,985.88,30.0,Debit Card,2025-01-28,4.8,7.0,No,690.12,690.116,0.004000000000019099
ORD100795,CUST2962,38.0,Female,Visakhapatnam,Electronics,Laptop,1,52508.85,5.0,Credit Card,2025-07-22,3.3,2.0,No,49883.41,49883.407499999994,0.002500000009604264
ORD108720,CUST7492,49.0,Female,Chennai,Electronics,Headphones,1,3392.66,20.0,Cod,2026-01-12,3.8,2.0,No,2714.13,2714.128,0.0019999999999527063
ORD103422,CUST2966,22.0,Male,Vijayawada,Fashion,T-Shirt,2,878.43,10.0,Upi,2026-08-12,4.3,4.0,Yes,1581.17,1581.174,-0.0039999999999054126
ORD113470,CUST8141,31.0,Male,Kolkata,Electronics,Tablet,1,24429.85,0.0,Wallet,2025-10-06,3.7,3.0,No,24429.85,24429.85,0.0
ORD113179,CUST4615,33.0,Male,Visakhapatnam,Electronics,Tablet,1,23445.94,10.0,Wallet,2026-10-18,4.4,5.0,No,21101.34,21101.345999999998,-0.005999999997584382
ORD101494,CUST4130,25.0,Female,Delhi,Beauty,Moisturizer,2,711.8,25.0,Credit Card,2025-06-27,5.0,7.0,No,1067.71,1067.6999999999998,0.010000000000218279
ORD103746,CUST3912,37.0,Male,Hyderabad,Beauty,Moisturizer,3,658.66,10.0,Upi,2026-10-01,4.6,4.0,No,1778.38,1778.382,-0.0019999999999527063
ORD100904,CUST4420,40.0,Male,Ahmedabad,Home & Kitchen,Air Fryer,1,7357.3,20.0,Credit Card,2025-05-04,4.7,6.0,No,5885.84,5885.84,0.0
ORD109355,CUST1133,46.0,Female,Vijayawada,Beauty,Moisturizer,2,596.84,0.0,Cod,2025-03-02,3.5,3.0,No,1193.67,1193.68,-0.009999999999990905
ORD112446,CUST3715,24.0,Male,Kolkata,Electronics,Smartphone,1,26690.35,0.0,Upi,2025-12-10,4.8,7.0,No,26690.35,26690.35,0.0
ORD106224,CUST1239,18.0,Male,Ahmedabad,Electronics,Tablet,1,25044.76,5.0,Net Banking,2026-07-09,4.1,5.0,No,23792.53,23792.521999999997,0.008000000001629815
ORD105195,CUST4950,29.0,Female,Pune,Sports,Dumbbells,1,2584.94,5.0,Upi,2026-06-11,2.6,4.0,No,2455.69,2455.6929999999998,-0.0029999999997016857
ORD108133,CUST7975,30.0,Female,Visakhapatnam,Sports,Football,2,1227.59,15.0,Wallet,2026-07-08,3.6,7.0,No,2086.91,2086.903,0.007000000000061846
ORD108540,CUST7748,36.0,Female,Hyderabad,Fashion,T-Shirt,4,781.58,5.0,Cod,2026-12-23,5.0,4.0,No,2969.99,2970.004,-0.014000000000123691
ORD100352,CUST2016,32.0,Male,Pune,Electronics,Tablet,2,21781.19,5.0,Cod,2026-08-19,4.5,5.0,No,41384.26,41384.261,-0.000999999996565748
ORD104808,CUST7106,24.0,Female,Mumbai,Home & Kitchen,Cookware Set,3,2384.78,10.0,Upi,2025-06-11,4.5,4.0,No,6438.89,6438.906,-0.01599999999962165
ORD106724,CUST6761,29.0,Male,Vijayawada,Electronics,Smartwatch,2,7719.05,5.0,Net Banking,2025-04-11,3.2,5.0,No,14666.2,14666.195,0.005000000001018634
ORD107640,CUST8623,30.0,Male,Delhi,Fashion,Jacket,2,3160.12,10.0,Upi,2026-09-28,3.5,1.0,No,5688.21,5688.216,-0.006000000000312866
ORD111876,CUST3519,18.0,Female,Visakhapatnam,Fashion,Handbag,3,2212.42,5.0,Upi,2025-10-06,3.9,4.0,No,6305.41,6305.397,0.012999999999919964
ORD103616,CUST6361,39.0,Male,Chennai,Beauty,Face Wash,1,471.88,25.0,Wallet,2026-04-14,3.0,3.0,No,353.91,353.90999999999997,5.684341886080802e-14
ORD114565,CUST7594,46.0,Male,Chennai,Beauty,Moisturizer,5,713.52,15.0,Upi,2026-06-14,3.7,6.0,Yes,3032.45,3032.46,-0.010000000000218279
ORD109648,CUST1911,26.0,Male,Mumbai,Home & Kitchen,Lamp,1,1115.84,0.0,Upi,2025-03-28,4.0,5.0,No,1115.84,1115.84,0.0
ORD106419,CUST6231,35.0,Female,Visakhapatnam,Sports,Football,2,1316.21,5.0,Debit Card,2026-08-21,3.3,7.0,No,2500.81,2500.799,0.010999999999967258
ORD101054,CUST6648,43.0,Male,Guntur,Electronics,Headphones,2,2929.98,30.0,Wallet,2025-01-12,2.1,4.0,No,4101.97,4101.972,-0.001999999999497959
ORD111226,CUST3573,28.0,Male,Pune,Electronics,Laptop,1,55444.3,15.0,Upi,2025-12-11,3.3,5.0,No,47127.66,47127.655,0.005000000004656613
ORD110043,CUST8138,31.0,Female,Guntur,Home & Kitchen,Cookware Set,1,2563.33,15.0,Wallet,2026-03-15,3.4,6.0,No,2178.83,2178.8305,-0.0005000000001018634
ORD110896,CUST8689,26.0,Male,Delhi,Books,Novel,4,457.95,10.0,Cod,2026-06-08,2.3,4.0,No,1648.6,1648.62,-0.01999999999998181
ORD102338,CUST6899,18.0,Female,Bengaluru,Fashion,Jeans,1,1979.51,20.0,Cod,2026-06-24,3.3,5.0,Yes,1583.61,1583.6080000000002,0.0019999999997253326
ORD111045,CUST3239,31.0,Female,Mumbai,Home & Kitchen,Bedsheet,1,1510.16,25.0,Credit Card,2026-06-08,5.0,2.0,No,1132.62,1132.6200000000001,-2.2737367544323206e-13
ORD108487,CUST6246,45.0,Female,Visakhapatnam,Books,Data Science Book,3,1206.36,5.0,Net Banking,2026-02-21,4.4,4.0,No,3438.12,3438.1259999999997,-0.005999999999858119
ORD112465,CUST5660,23.0,Male,Warangal,Sports,Dumbbells,1,2690.02,25.0,Debit Card,2026-10-07,3.1,3.0,Yes,2017.51,2017.5149999999999,-0.004999999999881766
ORD109341,CUST7818,29.0,Female,Pune,Electronics,Laptop,3,65904.73,25.0,Upi,2026-10-10,3.8,4.0,No,148285.64,148285.64250000002,-0.0025000000023283064
ORD105280,CUST7294,28.0,Female,Delhi,Beauty,Makeup Kit,1,2760.16,20.0,Debit Card,2025-07-14,3.8,4.0,Yes,2208.13,2208.128,0.0019999999999527063
ORD106863,CUST6528,34.0,Male,Kolkata,Electronics,Smartphone,1,24152.1,0.0,Wallet,2025-12-08,3.0,6.0,No,24152.1,24152.1,0.0
ORD112104,CUST1012,38.0,Male,Bengaluru,Home & Kitchen,Cookware Set,4,2468.33,0.0,Credit Card,2025-05-15,3.9,3.0,No,9873.32,9873.32,0.0
ORD101454,CUST3405,19.0,Female,Kolkata,Books,Novel,4,569.72,5.0,Net Banking,2026-08-29,3.5,6.0,No,2164.92,2164.936,-0.016000000000076398
ORD105404,CUST8758,32.0,Female,Bengaluru,Electronics,Tablet,1,24394.44,10.0,Debit Card,2026-05-15,4.5,3.0,No,21955.0,21954.996,0.004000000000814907
ORD103430,CUST3380,39.0,Female,Vijayawada,Sports,Cricket Bat,3,3145.4,20.0,Net Banking,2026-04-01,3.6,4.0,No,7548.97,7548.960000000001,0.009999999999308784
ORD114343,CUST4388,34.0,Female,Delhi,Fashion,Handbag,2,1921.06,20.0,Cod,2026-05-30,2.6,3.0,No,3073.7,3073.696,0.0039999999999054126
ORD102910,CUST4814,24.0,Male,Kolkata,Home & Kitchen,Mixer Grinder,1,3971.02,0.0,Upi,2026-03-26,4.0,4.0,No,3971.02,3971.02,0.0
ORD113916,CUST1169,38.0,Female,Chennai,Home & Kitchen,Bedsheet,3,1550.21,5.0,Debit Card,2025-09-24,4.9,10.0,Yes,4418.11,4418.0985,0.011499999999614374
ORD107873,CUST7947,31.0,Male,Warangal,Fashion,Handbag,2,2147.5,20.0,Cod,2026-03-25,4.5,7.0,Yes,3436.0,3436.0,0.0
ORD108613,CUST5046,24.0,Male,Warangal,Home & Kitchen,Mixer Grinder,1,3944.32,5.0,Debit Card,2025-01-06,2.1,8.0,No,3747.1,3747.104,-0.0039999999999054126
ORD109854,CUST1508,40.0,Male,Delhi,Electronics,Smartwatch,2,7728.58,15.0,Debit Card,2026-03-23,4.6,5.0,No,13138.59,13138.586,0.004000000000814907
ORD114992,CUST8616,29.0,Female,Kolkata,Electronics,Smartwatch,4,7068.9,25.0,Debit Card,2026-11-30,5.0,6.0,No,21206.71,21206.699999999997,0.010000000002037268
ORD114600,CUST5300,41.0,Female,Guntur,Beauty,Perfume,4,1763.79,20.0,Cod,2026-01-24,3.9,5.0,No,5644.11,5644.128000000001,-0.0180000000009386
ORD108024,CUST1965,36.0,Male,Hyderabad,Fashion,Jacket,2,3431.18,0.0,Net Banking,2025-07-16,4.3,5.0,No,6862.36,6862.36,0.0
ORD108350,CUST6335,32.0,Female,Warangal,Electronics,Tablet,1,22999.27,15.0,Upi,2026-07-01,3.4,5.0,No,19549.38,19549.3795,0.0005000000019208528
ORD105067,CUST2053,39.0,Female,Mumbai,Home & Kitchen,Bedsheet,5,1564.26,0.0,Debit Card,2025-03-20,4.8,7.0,No,7821.29,7821.3,-0.010000000000218279
ORD107827,CUST1775,39.0,Female,Ahmedabad,Sports,Cricket Bat,1,3188.13,5.0,Upi,2026-04-02,2.8,4.0,No,3028.72,3028.7235,-0.0035000000002582965
ORD105095,CUST7214,51.0,Male,Visakhapatnam,Books,Programming Book,2,907.68,10.0,Credit Card,2026-09-03,3.1,4.0,No,1633.82,1633.8239999999998,-0.0039999999999054126
ORD108795,CUST4206,23.0,Male,Hyderabad,Home & Kitchen,Mixer Grinder,2,3695.24,0.0,Net Banking,2025-10-14,4.8,5.0,No,7390.48,7390.48,0.0
ORD105999,CUST6900,35.0,Male,Visakhapatnam,Sports,Football,1,1044.66,0.0,Net Banking,2026-03-20,4.3,3.0,No,1044.66,1044.66,0.0
ORD100412,CUST3593,21.0,Male,Hyderabad,Beauty,Hair Dryer,2,2106.66,0.0,Net Banking,2025-08-18,4.4,6.0,No,4213.32,4213.32,0.0
ORD106876,CUST8388,40.0,Male,Mumbai,Home & Kitchen,Lamp,1,1135.03,15.0,Debit Card,2026-07-14,4.6,6.0,No,964.77,964.7755,-0.005499999999983629
ORD106432,CUST4612,43.0,Female,Delhi,Fashion,Handbag,2,2456.05,10.0,Debit Card,2025-07-27,3.3,5.0,No,4420.9,4420.89,0.009999999999308784
ORD111509,CUST2183,37.0,Female,Chennai,Sports,Dumbbells,3,2355.5,10.0,Credit Card,2026-05-06,4.4,7.0,No,6359.84,6359.85,-0.010000000000218279
ORD109697,CUST7727,34.0,Male,Warangal,Fashion,Jeans,1,1852.14,15.0,Upi,2026-05-25,3.1,6.0,No,1574.32,1574.319,0.0009999999999763531
ORD104128,CUST4377,38.0,Female,Ahmedabad,Home & Kitchen,Bedsheet,2,1391.41,0.0,Net Banking,2026-06-10,3.9,4.0,No,2782.82,2782.82,0.0
ORD106202,CUST4010,33.0,Male,Pune,Home & Kitchen,Cookware Set,1,3021.39,20.0,Upi,2025-08-19,3.1,4.0,No,2417.11,2417.112,-0.0019999999999527063
ORD112135,CUST5052,50.0,Female,Warangal,Sports,Dumbbells,3,2314.39,10.0,Credit Card,2026-07-16,1.4,5.0,No,6248.85,6248.853,-0.0029999999997016857
ORD100829,CUST4869,31.0,Male,Ahmedabad,Sports,Yoga Mat,1,806.63,10.0,Cod,2025-05-28,5.0,6.0,No,725.96,725.967,-0.006999999999948159
ORD101723,CUST7364,20.0,Male,Visakhapatnam,Beauty,Perfume,1,1962.91,5.0,Upi,2026-08-31,3.9,6.0,No,1864.76,1864.7645,-0.004500000000007276
ORD110370,CUST3138,23.0,Male,Ahmedabad,Books,Programming Book,1,854.0,30.0,Wallet,2025-03-31,4.2,4.0,No,597.8,597.8,0.0
ORD114119,CUST5151,47.0,Male,Kolkata,Beauty,Hair Dryer,1,2373.62,30.0,Credit Card,2025-05-09,3.9,3.0,No,1661.53,1661.5339999999999,-0.0039999999999054126
ORD112334,CUST4297,45.0,Male,Kolkata,Fashion,Jeans,1,1593.85,10.0,Cod,2026-09-17,3.3,5.0,No,1434.47,1434.465,0.005000000000109139
ORD104411,CUST7517,44.0,Female,Hyderabad,Fashion,Jacket,1,3068.66,5.0,Upi,2026-08-11,3.7,1.0,No,2915.22,2915.227,-0.007000000000061846
ORD101548,CUST8609,29.0,Female,Pune,Beauty,Face Wash,2,435.32,10.0,Credit Card,2026-10-23,3.3,3.0,Yes,783.57,783.576,-0.005999999999971806
ORD108687,CUST5612,23.0,Male,Chennai,Beauty,Moisturizer,1,606.36,10.0,Upi,2025-10-02,5.0,8.0,No,545.72,545.724,-0.004000000000019099
ORD101731,CUST2308,47.0,Female,Hyderabad,Books,Programming Book,4,685.92,10.0,Credit Card,2026-05-29,3.9,2.0,No,2469.33,2469.312,0.018000000000029104
ORD107947,CUST1615,31.0,Female,Vijayawada,Books,Novel,1,455.25,5.0,Wallet,2026-09-30,3.8,5.0,No,432.49,432.48749999999995,0.0025000000000545697
ORD109981,CUST3419,18.0,Female,Bengaluru,Fashion,T-Shirt,3,774.67,15.0,Upi,2026-12-28,3.1,4.0,No,1975.42,1975.4084999999998,0.011500000000296495
ORD109310,CUST3808,37.0,Male,Ahmedabad,Home & Kitchen,Bedsheet,2,1721.4,25.0,Credit Card,2025-02-19,4.0,4.0,No,2582.1,2582.1000000000004,-4.547473508864641e-13
ORD100100,CUST1636,38.0,Female,Pune,Books,Biography,1,678.66,0.0,Net Banking,2026-08-22,3.4,1.0,No,678.66,678.66,0.0
ORD113982,CUST1055,43.0,Female,Guntur,Fashion,T-Shirt,1,880.41,20.0,Credit Card,2025-02-20,5.0,4.0,No,704.33,704.328,0.002000000000066393
ORD110562,CUST5605,41.0,Female,Hyderabad,Home & Kitchen,Mixer Grinder,2,3850.64,5.0,Upi,2025-04-08,4.2,6.0,No,7316.21,7316.215999999999,-0.0059999999994033715
ORD113360,CUST7366,25.0,Female,Visakhapatnam,Electronics,Headphones,2,3359.46,15.0,Wallet,2025-11-17,3.4,6.0,No,5711.08,5711.082,-0.0020000000004074536
ORD111960,CUST6771,25.0,Male,Pune,Electronics,Smartwatch,5,7354.3,0.0,Upi,2025-05-29,3.6,3.0,No,36771.51,36771.5,0.010000000002037268
ORD111423,CUST2584,37.0,Male,Kolkata,Beauty,Moisturizer,1,721.21,20.0,Debit Card,2025-10-05,4.0,3.0,No,576.97,576.9680000000001,0.0019999999999527063
ORD100291,CUST5259,21.0,Male,Delhi,Sports,Cricket Bat,1,3016.54,15.0,Credit Card,2025-08-25,4.4,3.0,Yes,2564.06,2564.0589999999997,0.0010000000002037268
ORD107311,CUST5391,29.0,Female,Pune,Fashion,Shoes,4,2604.04,25.0,Wallet,2026-11-10,4.6,8.0,No,7812.11,7812.12,-0.010000000000218279
ORD105080,CUST2086,29.0,Female,Kolkata,Beauty,Hair Dryer,1,2350.67,30.0,Credit Card,2025-05-30,4.7,1.0,No,1645.47,1645.469,0.0009999999999763531
ORD104404,CUST6915,18.0,Female,Warangal,Fashion,T-Shirt,2,812.15,10.0,Upi,2026-06-03,3.6,9.0,No,1461.87,1461.87,0.0
ORD102228,CUST5896,43.0,Male,Warangal,Electronics,Tablet,2,24381.92,10.0,Cod,2025-08-05,2.9,2.0,No,43887.46,43887.456,0.004000000000814907
ORD108142,CUST7255,39.0,Female,Guntur,Fashion,Shoes,2,2161.22,15.0,Net Banking,2025-08-15,2.9,6.0,No,3674.07,3674.0739999999996,-0.003999999999450665
ORD101087,CUST3528,46.0,Female,Ahmedabad,Beauty,Perfume,2,1636.72,25.0,Credit Card,2025-12-22,5.0,1.0,No,2455.08,2455.08,0.0
ORD102615,CUST4218,27.0,Female,Warangal,Fashion,Shoes,1,2302.19,5.0,Cod,2026-01-25,4.4,7.0,No,2187.08,2187.0805,-0.0005000000001018634
ORD113422,CUST5447,27.0,Female,Visakhapatnam,Sports,Running Shoes,2,3098.62,15.0,Net Banking,2025-01-16,5.0,5.0,No,5267.66,5267.6539999999995,0.006000000000312866
ORD101954,CUST2340,46.0,Female,Kolkata,Books,Data Science Book,2,1082.76,10.0,Net Banking,2025-01-10,4.5,4.0,No,1948.97,1948.968,0.0019999999999527063
ORD105690,CUST7347,37.0,Male,Hyderabad,Sports,Running Shoes,2,3809.02,15.0,Wallet,2025-08-17,2.5,7.0,No,6475.33,6475.334,-0.0039999999999054126
ORD111618,CUST4095,30.0,Male,Warangal,Electronics,Smartphone,1,21335.45,5.0,Debit Card,2025-09-21,4.9,4.0,No,20268.68,20268.677499999998,0.0025000000023283064
ORD107052,CUST5772,42.0,Male,Mumbai,Electronics,Headphones,2,2568.77,0.0,Net Banking,2026-08-03,4.1,4.0,Yes,5137.54,5137.54,0.0
ORD107524,CUST7260,28.0,Female,Guntur,Electronics,Smartphone,1,28584.37,0.0,Credit Card,2025-07-25,3.9,5.0,No,28584.37,28584.37,0.0
ORD112502,CUST8225,51.0,Male,Vijayawada,Electronics,Laptop,1,53619.7,15.0,Credit Card,2025-01-07,3.4,4.0,No,45576.74,45576.744999999995,-0.004999999997380655
ORD103843,CUST6677,33.0,Other,Visakhapatnam,Beauty,Moisturizer,1,662.1,5.0,Cod,2025-07-04,3.9,5.0,No,628.99,628.995,-0.0049999999999954525
ORD100287,CUST3407,18.0,Female,Visakhapatnam,Electronics,Laptop,3,57666.74,20.0,Debit Card,2026-01-06,4.6,3.0,No,138400.18,138400.176,0.003999999986262992
ORD108226,CUST8836,27.0,Female,Mumbai,Electronics,Smartwatch,1,6961.09,10.0,Upi,2025-10-27,5.0,4.0,No,6264.98,6264.981000000001,-0.0010000000011132215
ORD110681,CUST8548,34.0,Male,Bengaluru,Home & Kitchen,Air Fryer,4,5720.86,25.0,Upi,2025-05-24,2.3,4.0,No,17162.57,17162.579999999998,-0.00999999999839929
ORD101011,CUST6787,32.0,Female,Pune,Beauty,Makeup Kit,5,2785.12,20.0,Wallet,2025-03-26,2.5,5.0,No,11140.47,11140.48,-0.010000000000218279
ORD107626,CUST4274,32.0,Male,Kolkata,Electronics,Tablet,1,20004.37,25.0,Debit Card,2025-05-31,1.7,4.0,No,15003.27,15003.2775,-0.007499999999708962
ORD102484,CUST5642,44.0,Male,Vijayawada,Fashion,Handbag,2,2206.88,10.0,Cod,2025-12-04,2.5,3.0,Yes,3972.38,3972.3840000000005,-0.00400000000036016
ORD106197,CUST1030,22.0,Female,Pune,Beauty,Face Wash,2,481.4,25.0,Upi,2026-11-15,4.7,5.0,No,722.1,722.0999999999999,1.1368683772161603e-13
ORD112790,CUST6662,21.0,Female,Kolkata,Fashion,Jeans,2,1696.05,20.0,Upi,2025-05-11,3.4,3.0,No,2713.68,2713.6800000000003,-4.547473508864641e-13
ORD112719,CUST2225,30.0,Female,Ahmedabad,Fashion,T-Shirt,2,790.64,15.0,Debit Card,2026-04-06,3.5,3.0,Yes,1344.08,1344.088,-0.008000000000038199
ORD107376,CUST3163,20.0,Female,Visakhapatnam,Electronics,Smartwatch,1,7395.54,5.0,Credit Card,2026-06-22,3.4,5.0,No,7025.76,7025.763,-0.0029999999997016857
ORD101721,CUST6857,20.0,Male,Hyderabad,Electronics,Smartphone,4,21632.21,15.0,Cod,2026-12-08,3.0,1.0,No,73549.5,73549.514,-0.013999999995576218
ORD105480,CUST1822,18.0,Female,Visakhapatnam,Books,Data Science Book,2,1353.69,20.0,Credit Card,2026-12-24,2.8,2.0,No,2165.9,2165.904,-0.0039999999999054126
ORD102349,CUST6943,18.0,Male,Vijayawada,Electronics,Laptop,1,67584.17,15.0,Net Banking,2026-05-19,5.0,3.0,No,57446.55,57446.544499999996,0.005500000006577466
ORD104521,CUST4535,26.0,Female,Ahmedabad,Electronics,Smartwatch,3,6818.9,15.0,Debit Card,2025-11-25,4.3,2.0,No,17388.19,17388.194999999996,-0.004999999997380655
ORD109683,CUST1029,29.0,Female,Mumbai,Books,Exam Guide,2,734.22,10.0,Credit Card,2025-12-21,3.7,4.0,No,1321.6,1321.596,0.0039999999999054126
ORD114765,CUST7930,46.0,Male,Bengaluru,Electronics,Smartwatch,4,6662.03,20.0,Cod,2026-04-01,1.9,8.0,No,21318.5,21318.496,0.004000000000814907
ORD103376,CUST8701,32.0,Male,Hyderabad,Fashion,Jeans,2,1676.9,0.0,Debit Card,2025-12-18,3.6,4.0,No,3353.8,3353.8,0.0
ORD103707,CUST4519,38.0,Female,Ahmedabad,Fashion,T-Shirt,2,880.45,10.0,Net Banking,2025-02-10,4.4,3.0,No,1584.8,1584.8100000000002,-0.010000000000218279
ORD106105,CUST2389,49.0,Female,Pune,Fashion,Jeans,1,1671.11,15.0,Net Banking,2025-12-19,5.0,3.0,No,1420.44,1420.4434999999999,-0.003499999999803549
ORD106519,CUST6025,40.0,Female,Vijayawada,Electronics,Laptop,1,53843.36,20.0,Debit Card,2026-12-15,3.1,2.0,No,43074.69,43074.688,0.0020000000004074536
ORD105800,CUST5810,28.0,Female,Pune,Fashion,Shoes,2,2459.39,10.0,Debit Card,2026-12-18,3.0,6.0,No,4426.9,4426.902,-0.0020000000004074536
ORD100737,CUST3553,23.0,Female,Warangal,Electronics,Tablet,5,24138.82,5.0,Credit Card,2026-09-13,4.1,1.0,Yes,114659.4,114659.395,0.004999999990104698
ORD110631,CUST1205,27.0,Female,Guntur,Electronics,Tablet,4,20824.05,15.0,Upi,2026-11-30,4.2,4.0,No,70801.77,70801.76999999999,1.4551915228366852e-11
ORD105461,CUST8849,23.0,Female,Pune,Beauty,Moisturizer,3,642.5,10.0,Wallet,2025-01-08,3.3,4.0,No,1734.75,1734.75,0.0
ORD111676,CUST3396,20.0,Female,Vijayawada,Electronics,Headphones,4,2982.75,15.0,Debit Card,2025-06-01,4.1,4.0,No,10141.34,10141.35,-0.010000000000218279
ORD109858,CUST5707,30.0,Female,Bengaluru,Home & Kitchen,Air Fryer,1,6481.27,10.0,Upi,2026-03-14,4.0,4.0,No,5833.14,5833.143000000001,-0.0030000000006111804
ORD110664,CUST1847,34.0,Female,Delhi,Beauty,Perfume,1,1696.29,15.0,Cod,2025-09-03,3.8,3.0,No,1441.85,1441.8464999999999,0.003500000000030923
ORD103669,CUST7214,21.0,Female,Mumbai,Fashion,Shoes,2,2764.76,25.0,Upi,2025-02-08,3.4,5.0,Yes,4147.13,4147.14,-0.010000000000218279
ORD104765,CUST2041,20.0,Female,Vijayawada,Fashion,Handbag,1,2279.36,10.0,Upi,2026-04-19,3.6,5.0,No,2051.42,2051.424,-0.0039999999999054126
ORD104862,CUST2627,27.0,Female,Warangal,Sports,Cricket Bat,1,2838.34,20.0,Debit Card,2025-12-25,4.9,3.0,No,2270.67,2270.672,-0.0019999999999527063
ORD103464,CUST6874,32.0,Male,Pune,Fashion,Shoes,2,2268.27,15.0,Debit Card,2026-10-25,4.0,3.0,No,3856.06,3856.0589999999997,0.0010000000002037268
ORD104098,CUST7235,32.0,Female,Mumbai,Home & Kitchen,Cookware Set,1,2664.18,25.0,Credit Card,2025-05-04,3.3,11.0,No,1998.13,1998.1349999999998,-0.004999999999654392
ORD102123,CUST2230,38.0,Female,Pune,Fashion,Jacket,1,2760.59,25.0,Upi,2025-04-07,3.3,3.0,No,2070.44,2070.4425,-0.0025000000000545697
ORD114053,CUST8426,32.0,Female,Ahmedabad,Books,Programming Book,1,682.7,10.0,Wallet,2025-12-13,3.5,6.0,No,614.43,614.4300000000001,-1.1368683772161603e-13
ORD114139,CUST6870,18.0,Female,Delhi,Fashion,Jacket,1,3305.85,10.0,Upi,2025-11-10,4.4,3.0,No,2975.27,2975.265,0.005000000000109139
ORD102367,CUST5428,32.0,Male,Ahmedabad,Fashion,Handbag,3,2084.59,15.0,Net Banking,2026-10-22,4.5,4.0,No,5315.7,5315.7045,-0.004500000000007276
ORD110111,CUST6202,26.0,Male,Mumbai,Fashion,Jeans,3,1856.63,0.0,Debit Card,2026-12-18,3.5,2.0,No,5569.89,5569.89,0.0
ORD111785,CUST4067,32.0,Male,Chennai,Home & Kitchen,Air Fryer,1,6674.71,15.0,Upi,2025-12-25,2.6,5.0,No,5673.5,5673.5035,-0.003499999999803549
ORD107478,CUST2349,32.0,Female,Guntur,Fashion,Jeans,2,1883.31,5.0,Upi,2025-06-12,3.4,1.0,No,3578.29,3578.2889999999998,0.0010000000002037268
ORD110561,CUST7084,34.0,Male,Bengaluru,Fashion,T-Shirt,3,800.85,10.0,Debit Card,2025-03-26,4.8,4.0,No,2162.3,2162.295,0.005000000000109139
ORD114183,CUST2149,45.0,Female,Vijayawada,Home & Kitchen,Mixer Grinder,1,3673.7,10.0,Upi,2025-10-26,4.0,3.0,No,3306.33,3306.33,0.0
ORD100358,CUST4182,26.0,Female,Pune,Sports,Yoga Mat,1,989.25,10.0,Credit Card,2025-12-28,3.4,7.0,No,890.32,890.325,-0.0049999999999954525
ORD111763,CUST2112,26.0,Male,Pune,Electronics,Tablet,1,22617.31,10.0,Net Banking,2025-05-26,5.0,3.0,No,20355.58,20355.579,0.0010000000002037268
ORD110929,CUST2979,36.0,Female,Hyderabad,Sports,Yoga Mat,1,931.13,15.0,Credit Card,2026-02-21,4.8,6.0,Yes,791.46,791.4605,-0.0004999999999881766
ORD103034,CUST7173,26.0,Male,Visakhapatnam,Electronics,Headphones,3,3197.99,15.0,Net Banking,2026-01-24,4.4,6.0,No,8154.87,8154.874499999999,-0.004499999999097781
ORD106500,CUST7860,45.0,Female,Guntur,Home & Kitchen,Cookware Set,1,3061.12,5.0,Net Banking,2026-07-26,2.0,5.0,No,2908.07,2908.064,0.006000000000312866
ORD107885,CUST1712,30.0,Male,Ahmedabad,Electronics,Laptop,1,67628.7,10.0,Upi,2026-02-05,3.9,4.0,No,60865.83,60865.83,0.0
ORD107745,CUST6406,26.0,Male,Ahmedabad,Beauty,Hair Dryer,2,2491.97,20.0,Credit Card,2026-05-02,4.4,10.0,No,3987.15,3987.152,-0.0019999999999527063
ORD111156,CUST6283,45.0,Male,Chennai,Electronics,Smartwatch,1,6281.48,5.0,Upi,2026-08-08,3.9,6.0,No,5967.41,5967.405999999999,0.004000000000814907
ORD104973,CUST2933,28.0,Female,Delhi,Fashion,Jeans,1,1923.91,15.0,Wallet,2026-02-01,3.3,3.0,No,1635.33,1635.3235,0.006499999999959982
ORD110795,CUST8872,32.0,Male,Visakhapatnam,Electronics,Laptop,5,63414.04,30.0,Debit Card,2026-06-29,4.9,4.0,No,221949.13,221949.13999999998,-0.009999999980209395
ORD109460,CUST1595,34.0,Female,Ahmedabad,Books,Exam Guide,3,709.5,10.0,Upi,2026-11-07,5.0,8.0,No,1915.64,1915.65,-0.009999999999990905
ORD105590,CUST8273,46.0,Male,Ahmedabad,Home & Kitchen,Air Fryer,5,6019.74,25.0,Upi,2025-10-18,2.9,3.0,No,22574.02,22574.024999999998,-0.004999999997380655
ORD105715,CUST4958,43.0,Female,Vijayawada,Electronics,Laptop,2,62793.42,20.0,Cod,2026-10-18,3.5,3.0,Yes,100469.47,100469.47200000001,-0.0020000000076834112
ORD103387,CUST4651,39.0,Male,Guntur,Home & Kitchen,Mixer Grinder,5,3332.55,10.0,Net Banking,2025-10-25,4.6,7.0,No,14996.49,14996.475,0.014999999999417923
ORD109888,CUST6277,30.0,Male,Chennai,Beauty,Perfume,5,1912.87,5.0,Credit Card,2026-10-26,4.1,6.0,No,9086.12,9086.132499999998,-0.012499999997089617
ORD102299,CUST7476,18.0,Male,Ahmedabad,Electronics,Smartwatch,4,6365.45,5.0,Cod,2026-06-07,4.6,3.0,No,24188.72,24188.71,0.010000000002037268
ORD110877,CUST8195,33.0,Female,Hyderabad,Electronics,Smartphone,1,24949.4,0.0,Credit Card,2026-03-12,4.2,7.0,No,24949.4,24949.4,0.0
ORD114648,CUST6341,28.0,Male,Hyderabad,Sports,Cricket Bat,2,2981.94,10.0,Upi,2026-12-26,3.5,8.0,No,5367.49,5367.492,-0.0020000000004074536
ORD100048,CUST4054,27.0,Female,Chennai,Fashion,Jacket,3,2593.01,5.0,Credit Card,2025-01-30,4.8,5.0,No,7390.09,7390.0785000000005,0.011499999999614374
ORD107614,CUST7904,27.0,Female,Ahmedabad,Fashion,Handbag,3,2259.64,10.0,Wallet,2026-04-23,4.0,5.0,No,6101.03,6101.028,0.001999999999497959
ORD113213,CUST7683,40.0,Male,Vijayawada,Home & Kitchen,Cookware Set,2,2600.65,25.0,Net Banking,2026-08-09,4.0,2.0,No,3900.98,3900.9750000000004,0.004999999999654392
ORD103814,CUST1643,32.0,Male,Mumbai,Electronics,Headphones,4,2556.81,5.0,Debit Card,2025-05-17,3.6,7.0,Yes,9715.88,9715.877999999999,0.0020000000004074536
ORD109839,CUST6738,23.0,Male,Hyderabad,Sports,Dumbbells,2,2737.23,10.0,Cod,2026-07-21,4.9,4.0,Yes,4927.01,4927.014,-0.0039999999999054126
ORD109091,CUST3020,44.0,Male,Vijayawada,Beauty,Makeup Kit,1,2752.74,20.0,Debit Card,2026-03-29,4.3,5.0,No,2202.19,2202.192,-0.0019999999999527063
ORD109364,CUST1702,29.0,Female,Vijayawada,Home & Kitchen,Lamp,2,1163.4,10.0,Cod,2026-04-23,3.2,2.0,No,2094.11,2094.1200000000003,-0.010000000000218279
ORD110910,CUST2786,32.0,Male,Mumbai,Books,Programming Book,2,900.29,0.0,Net Banking,2026-02-25,2.5,7.0,No,1800.58,1800.58,0.0
ORD109555,CUST5886,18.0,Male,Chennai,Electronics,Headphones,1,2562.4,15.0,Upi,2025-09-15,4.6,6.0,No,2178.04,2178.04,0.0
ORD101386,CUST1416,26.0,Female,Visakhapatnam,Electronics,Headphones,3,2957.56,25.0,Debit Card,2026-01-05,4.7,5.0,Yes,6654.51,6654.51,0.0
ORD105405,CUST1134,25.0,Female,Warangal,Home & Kitchen,Cookware Set,2,2693.4,15.0,Debit Card,2025-01-27,2.7,1.0,No,4578.78,4578.78,0.0
ORD106093,CUST6761,23.0,Male,Kolkata,Home & Kitchen,Bedsheet,1,1580.46,10.0,Cod,2025-07-30,5.0,4.0,No,1422.42,1422.414,0.0060000000000854925
ORD114102,CUST6601,41.0,Female,Pune,Electronics,Tablet,2,21795.0,10.0,Cod,2026-09-23,3.8,4.0,No,39230.99,39231.0,-0.010000000002037268
ORD113134,CUST5173,41.0,Male,Vijayawada,Home & Kitchen,Air Fryer,3,7245.24,5.0,Upi,2026-08-22,4.4,4.0,No,20648.92,20648.934,-0.014000000002852175
ORD113691,CUST5534,38.0,Female,Warangal,Electronics,Laptop,1,54672.97,0.0,Upi,2025-12-21,3.4,3.0,No,54672.97,54672.97,0.0
ORD113119,CUST2370,18.0,Male,Bengaluru,Home & Kitchen,Lamp,1,1070.73,10.0,Cod,2026-12-01,4.7,6.0,No,963.66,963.657,0.0029999999999290594
ORD101748,CUST4465,39.0,Female,Warangal,Home & Kitchen,Air Fryer,1,7106.96,5.0,Credit Card,2025-02-17,2.5,1.0,No,6751.61,6751.612,-0.0020000000004074536
ORD103636,CUST1870,23.0,Other,Chennai,Electronics,Smartphone,4,23193.29,5.0,Wallet,2025-10-05,3.1,3.0,No,88134.49,88134.502,-0.011999999987892807
ORD103044,CUST2630,49.0,Female,Visakhapatnam,Fashion,T-Shirt,1,815.48,5.0,Wallet,2025-07-22,4.6,5.0,No,774.7,774.706,-0.005999999999971806
ORD114128,CUST3658,39.0,Female,Guntur,Home & Kitchen,Mixer Grinder,3,3581.12,30.0,Net Banking,2025-10-30,3.9,8.0,No,7520.35,7520.352,-0.001999999999497959
ORD112941,CUST1536,22.0,Male,Visakhapatnam,Beauty,Hair Dryer,1,2452.6,5.0,Wallet,2025-02-11,4.4,7.0,No,2329.97,2329.97,0.0
ORD100102,CUST2893,24.0,Male,Visakhapatnam,Beauty,Makeup Kit,1,2594.94,0.0,Credit Card,2025-03-03,4.4,4.0,No,2594.94,2594.94,0.0
ORD111025,CUST6479,32.0,Other,Hyderabad,Electronics,Tablet,1,19341.93,5.0,Credit Card,2025-07-27,3.7,7.0,No,18374.83,18374.8335,-0.0034999999988940544
ORD103170,CUST2560,18.0,Female,Ahmedabad,Home & Kitchen,Lamp,3,1206.53,5.0,Cod,2026-03-29,5.0,7.0,No,3438.6,3438.6105,-0.010499999999865395
ORD101633,CUST2951,40.0,Male,Bengaluru,Home & Kitchen,Bedsheet,1,1671.06,5.0,Upi,2025-12-26,4.4,2.0,No,1587.5,1587.5069999999998,-0.006999999999834472
ORD101663,CUST7672,39.0,Male,Guntur,Beauty,Face Wash,5,434.24,10.0,Upi,2025-08-27,4.9,1.0,No,1954.09,1954.08,0.009999999999990905
ORD110217,CUST2882,21.0,Male,Guntur,Beauty,Hair Dryer,2,2465.0,0.0,Credit Card,2025-11-18,4.6,3.0,No,4929.99,4930.0,-0.010000000000218279
ORD111918,CUST2756,27.0,Female,Pune,Beauty,Perfume,2,1654.55,10.0,Wallet,2025-12-02,3.7,2.0,No,2978.19,2978.19,0.0
ORD107415,CUST7319,24.0,Female,Mumbai,Beauty,Hair Dryer,1,2355.1,10.0,Wallet,2026-11-09,5.0,7.0,No,1766.32,2119.59,-353.2700000000002
ORD100885,CUST7959,31.0,Female,Vijayawada,Electronics,Smartphone,1,28330.48,0.0,Debit Card,2026-02-27,3.8,4.0,No,28330.48,28330.48,0.0
ORD111834,CUST3132,48.0,Female,Chennai,Fashion,Handbag,1,2166.95,10.0,Wallet,2026-03-24,4.3,4.0,No,1950.26,1950.2549999999999,0.005000000000109139
ORD102999,CUST4983,41.0,Female,Chennai,Books,Data Science Book,3,1225.22,20.0,Net Banking,2025-01-18,3.6,4.0,Yes,2940.52,2940.5280000000002,-0.008000000000265572
ORD113275,CUST2771,36.0,Male,Bengaluru,Home & Kitchen,Lamp,1,1063.83,5.0,Net Banking,2025-10-02,1.9,1.0,No,1010.64,1010.6384999999999,0.0015000000000782165
ORD101374,CUST5293,24.0,Male,Ahmedabad,Sports,Dumbbells,2,2280.1,30.0,Debit Card,2026-12-30,4.8,2.0,No,3192.14,3192.14,0.0
ORD114421,CUST8120,32.0,Female,Chennai,Books,Biography,3,560.46,20.0,Debit Card,2025-07-22,4.4,5.0,Yes,1345.1,1345.1040000000003,-0.00400000000036016
ORD110112,CUST6612,18.0,Male,Delhi,Fashion,T-Shirt,4,944.41,25.0,Upi,2026-11-03,3.5,2.0,No,2833.24,2833.23,0.009999999999763531
ORD113826,CUST5968,32.0,Male,Delhi,Beauty,Moisturizer,2,656.45,25.0,Debit Card,2026-02-09,1.5,6.0,No,984.68,984.6750000000001,0.004999999999881766
ORD111456,CUST4179,27.0,Female,Warangal,Electronics,Laptop,1,64328.37,20.0,Net Banking,2026-03-03,5.0,6.0,No,51462.7,51462.696,0.00399999999353895
ORD103648,CUST6670,42.0,Male,Pune,Fashion,Handbag,3,1941.13,5.0,Credit Card,2025-08-03,3.6,4.0,No,5532.21,5532.2205,-0.010500000000320142
ORD108274,CUST1316,34.0,Female,Pune,Beauty,Makeup Kit,2,2688.38,5.0,Debit Card,2025-03-06,3.2,5.0,No,5107.91,5107.922,-0.011999999999716238
ORD114944,CUST3115,19.0,Male,Mumbai,Electronics,Laptop,1,51238.99,15.0,Debit Card,2025-12-13,5.0,6.0,No,43553.14,43553.1415,-0.0014999999984866008
ORD108125,CUST7104,46.0,Female,Delhi,Books,Programming Book,1,897.85,15.0,Upi,2025-06-09,3.2,7.0,No,763.18,763.1725,0.007499999999936335
ORD112082,CUST7911,23.0,Female,Pune,Sports,Yoga Mat,5,1012.55,5.0,Wallet,2026-03-09,3.2,6.0,No,4809.61,4809.6125,-0.002500000000509317
ORD101036,CUST5549,45.0,Male,Bengaluru,Home & Kitchen,Bedsheet,2,1630.3,10.0,Cod,2025-11-12,3.3,3.0,Yes,2934.53,2934.54,-0.009999999999763531
ORD114801,CUST3432,27.0,Female,Bengaluru,Electronics,Smartphone,2,26634.65,10.0,Credit Card,2025-11-20,2.3,6.0,No,47942.37,47942.37,0.0
ORD109840,CUST3571,40.0,Male,Kolkata,Books,Biography,1,555.43,5.0,Net Banking,2026-10-31,3.3,7.0,No,527.66,527.6584999999999,0.0015000000000782165
ORD112623,CUST4384,29.0,Female,Pune,Beauty,Face Wash,1,543.18,25.0,Credit Card,2025-02-24,5.0,6.0,No,407.39,407.385,0.0049999999999954525
ORD105182,CUST8079,18.0,Female,Bengaluru,Fashion,Jacket,1,2664.65,20.0,Upi,2026-12-23,3.8,2.0,No,2131.72,2131.7200000000003,-4.547473508864641e-13
ORD107303,CUST3485,37.0,Male,Guntur,Sports,Running Shoes,1,3522.1,15.0,Net Banking,2026-04-18,4.9,2.0,Yes,2993.78,2993.785,-0.004999999999654392
ORD102202,CUST1482,43.0,Female,Warangal,Books,Exam Guide,1,666.59,10.0,Upi,2026-05-12,4.0,7.0,No,599.93,599.931,-0.00100000000009004
ORD109232,CUST5989,39.0,Male,Hyderabad,Sports,Football,1,1350.23,0.0,Credit Card,2025-11-01,3.7,6.0,No,1350.23,1350.23,0.0
ORD102100,CUST7628,32.0,Female,Hyderabad,Electronics,Smartwatch,2,6793.78,30.0,Credit Card,2025-06-22,3.7,4.0,No,9511.29,9511.292,-0.0019999999985884642
ORD100926,CUST3373,36.0,Female,Chennai,Fashion,Jacket,1,2772.74,5.0,Upi,2025-10-23,4.3,4.0,No,2634.1,2634.1029999999996,-0.0029999999997016857
ORD114704,CUST3101,19.0,Female,Guntur,Electronics,Headphones,2,2874.27,0.0,Cod,2025-02-14,2.8,3.0,Yes,5748.54,5748.54,0.0
ORD109527,CUST2583,23.0,Female,Kolkata,Home & Kitchen,Mixer Grinder,1,3193.79,15.0,Cod,2026-08-03,3.1,4.0,No,2714.72,2714.7215,-0.0015000000003055902
ORD112460,CUST5486,32.0,Female,Ahmedabad,Electronics,Laptop,2,58422.32,20.0,Credit Card,2026-08-15,3.7,4.0,No,93475.71,93475.712,-0.001999999993131496
ORD106563,CUST5404,38.0,Female,Chennai,Electronics,Headphones,1,2611.31,15.0,Cod,2026-12-23,3.6,3.0,No,2219.62,2219.6135,0.006499999999959982
ORD104744,CUST8004,29.0,Male,Visakhapatnam,Fashion,Shoes,1,2270.23,15.0,Credit Card,2025-06-08,3.2,8.0,No,1929.7,1929.6955,0.004500000000007276
ORD108485,CUST7654,23.0,Female,Vijayawada,Beauty,Face Wash,2,531.5,10.0,Wallet,2026-12-22,3.1,2.0,No,956.71,956.7,0.009999999999990905
ORD100305,CUST3438,36.0,Female,Visakhapatnam,Sports,Cricket Bat,1,2736.8,10.0,Cod,2025-01-31,2.5,4.0,No,2463.12,2463.1200000000003,-4.547473508864641e-13
ORD101227,CUST3713,33.0,Male,Vijayawada,Fashion,Jacket,1,3088.1,5.0,Credit Card,2025-12-09,3.4,5.0,No,2933.69,2933.6949999999997,-0.004999999999654392
ORD102146,CUST7867,41.0,Female,Ahmedabad,Books,Data Science Book,5,1362.52,15.0,Debit Card,2025-05-13,3.9,7.0,No,5790.73,5790.71,0.019999999999527063
ORD113936,CUST8305,35.0,Male,Bengaluru,Fashion,Jeans,3,1542.18,0.0,Net Banking,2026-04-16,3.0,1.0,Yes,4626.53,4626.54,-0.010000000000218279
ORD108292,CUST8953,34.0,Male,Kolkata,Books,Biography,1,632.56,15.0,Cod,2026-01-26,4.1,2.0,Yes,537.68,537.6759999999999,0.004000000000019099
ORD105730,CUST7764,29.0,Female,Delhi,Fashion,Handbag,1,2052.13,20.0,Debit Card,2026-01-15,4.6,2.0,No,1641.7,1641.7040000000002,-0.004000000000132786
ORD101403,CUST7959,37.0,Female,Chennai,Books,Novel,1,458.32,5.0,Wallet,2026-01-21,3.2,7.0,No,435.4,435.404,-0.004000000000019099
ORD114794,CUST4730,28.0,Female,Warangal,Sports,Running Shoes,2,3656.12,5.0,Upi,2025-10-24,3.2,6.0,Yes,6946.64,6946.628,0.012000000000625732
ORD114893,CUST3401,29.0,Male,Vijayawada,Electronics,Tablet,3,21078.1,5.0,Wallet,2026-10-30,3.9,4.0,No,60072.6,60072.58499999999,0.015000000006693881
ORD113287,CUST1779,31.0,Female,Chennai,Books,Biography,1,696.28,10.0,Credit Card,2026-09-09,4.8,5.0,No,626.65,626.652,-0.002000000000066393
ORD109146,CUST3483,52.0,Female,Guntur,Beauty,Makeup Kit,2,2310.07,20.0,Upi,2026-11-14,3.5,1.0,No,3696.11,3696.1120000000005,-0.0020000000004074536
ORD101412,CUST4413,26.0,Male,Pune,Books,Programming Book,1,912.27,15.0,Wallet,2025-04-21,4.4,6.0,No,775.43,775.4295,0.0004999999999881766
ORD109458,CUST3169,39.0,Male,Mumbai,Electronics,Smartphone,1,24448.78,10.0,Debit Card,2025-03-29,2.9,2.0,No,22003.9,22003.902,-0.001999999996769475
ORD105386,CUST6842,28.0,Female,Vijayawada,Beauty,Makeup Kit,1,2546.74,10.0,Cod,2025-02-01,4.3,4.0,No,2292.07,2292.066,0.00400000000036016
ORD114293,CUST4525,40.0,Female,Bengaluru,Home & Kitchen,Cookware Set,4,3076.45,20.0,Credit Card,2026-07-25,3.6,5.0,No,9844.64,9844.64,0.0
ORD106593,CUST3996,32.0,Female,Bengaluru,Fashion,Jeans,1,1623.52,25.0,Debit Card,2026-07-31,4.6,3.0,No,1217.64,1217.6399999999999,2.2737367544323206e-13
ORD109518,CUST2630,28.0,Male,Mumbai,Fashion,Jacket,3,2972.97,25.0,Credit Card,2026-03-27,3.9,6.0,No,6689.17,6689.1825,-0.012499999999818101
ORD105459,CUST6064,19.0,Male,Chennai,Electronics,Smartphone,1,22047.84,10.0,Wallet,2026-11-17,3.1,4.0,No,19843.06,19843.056,0.004000000000814907
ORD109782,CUST3852,33.0,Male,Bengaluru,Home & Kitchen,Bedsheet,1,1623.08,20.0,Credit Card,2026-10-13,3.7,2.0,No,1298.46,1298.464,-0.0039999999999054126
ORD110688,CUST3116,40.0,Male,Vijayawada,Sports,Football,5,1362.13,0.0,Debit Card,2025-03-07,4.3,2.0,No,6810.64,6810.650000000001,-0.010000000000218279
ORD109995,CUST1958,20.0,Female,Chennai,Fashion,Handbag,1,2176.55,15.0,Wallet,2025-02-28,4.2,6.0,No,1850.07,1850.0675,0.002499999999827196
ORD113843,CUST7693,25.0,Other,Visakhapatnam,Beauty,Face Wash,1,522.31,10.0,Cod,2025-01-09,2.5,8.0,No,470.08,470.07899999999995,0.0010000000000331966
ORD104961,CUST4498,18.0,Male,Pune,Electronics,Headphones,1,3099.54,25.0,Net Banking,2025-03-03,4.4,2.0,No,2324.66,2324.6549999999997,0.005000000000109139
ORD113938,CUST4465,31.0,Male,Pune,Fashion,Shoes,2,2218.76,15.0,Upi,2026-10-17,4.4,4.0,No,3771.9,3771.8920000000003,0.007999999999810825
ORD109273,CUST6396,41.0,Female,Bengaluru,Books,Exam Guide,4,724.65,15.0,Upi,2025-08-24,3.7,5.0,No,2463.83,2463.81,0.01999999999998181
ORD114316,CUST1993,29.0,Female,Ahmedabad,Electronics,Laptop,2,56020.05,10.0,Wallet,2025-08-02,3.5,3.0,No,100836.1,100836.09000000001,0.00999999999476131
ORD107961,CUST1211,31.0,Female,Warangal,Electronics,Laptop,3,64602.59,20.0,Credit Card,2025-03-05,3.3,8.0,No,155046.22,155046.216,0.0040000000153668225
ORD112022,CUST1557,31.0,Female,Chennai,Fashion,Shoes,1,2834.07,20.0,Wallet,2025-08-21,3.7,8.0,No,2267.26,2267.2560000000003,0.0039999999999054126
ORD114965,CUST8049,29.0,Male,Guntur,Home & Kitchen,Air Fryer,4,5888.26,15.0,Net Banking,2025-03-16,3.7,6.0,Yes,20020.07,20020.084,-0.013999999999214197
ORD104388,CUST2329,37.0,Female,Ahmedabad,Electronics,Laptop,2,65364.94,0.0,Net Banking,2026-02-26,3.4,5.0,No,130729.87,130729.88,-0.010000000009313226
ORD106007,CUST2816,41.0,Female,Ahmedabad,Beauty,Hair Dryer,1,2028.96,15.0,Wallet,2025-05-05,4.2,5.0,No,1724.62,1724.616,0.0039999999999054126
ORD113651,CUST4635,39.0,Male,Ahmedabad,Sports,Yoga Mat,1,804.5,10.0,Cod,2025-09-03,3.3,3.0,No,724.05,724.0500000000001,-1.1368683772161603e-13
ORD106408,CUST6216,34.0,Female,Hyderabad,Electronics,Smartphone,2,26604.82,15.0,Credit Card,2025-01-09,3.2,3.0,Yes,45228.2,45228.193999999996,0.006000000001222361
ORD104082,CUST1844,27.0,Female,Visakhapatnam,Fashion,Shoes,3,2498.97,30.0,Net Banking,2025-01-01,5.0,1.0,No,5247.84,5247.8369999999995,0.0030000000006111804
ORD105229,CUST1670,20.0,Male,Mumbai,Electronics,Laptop,1,65790.75,0.0,Credit Card,2026-04-07,3.9,5.0,No,65790.75,65790.75,0.0
ORD106320,CUST3078,26.0,Male,Chennai,Home & Kitchen,Bedsheet,1,1716.08,10.0,Upi,2026-07-19,3.7,4.0,No,1544.47,1544.472,-0.0019999999999527063
ORD114786,CUST2370,42.0,Female,Hyderabad,Fashion,Shoes,2,2758.75,15.0,Wallet,2026-08-28,5.0,5.0,No,4689.87,4689.875,-0.005000000000109139
ORD109046,CUST5251,39.0,Male,Bengaluru,Electronics,Smartphone,4,22732.53,15.0,Upi,2026-06-29,4.6,4.0,No,77290.61,77290.602,0.008000000001629815
ORD105370,CUST7298,36.0,Male,Hyderabad,Fashion,Jacket,1,2898.08,25.0,Upi,2025-06-12,5.0,1.0,No,2173.56,2173.56,0.0
ORD101255,CUST2275,43.0,Female,Vijayawada,Electronics,Smartwatch,3,7342.76,15.0,Wallet,2025-02-25,4.5,1.0,No,18724.03,18724.037999999997,-0.007999999997991836
ORD102859,CUST4621,28.0,Male,Hyderabad,Beauty,Face Wash,5,520.22,10.0,Upi,2025-01-17,4.0,5.0,No,2341.0,2340.9900000000002,0.009999999999763531
ORD113976,CUST4278,31.0,Female,Warangal,Sports,Cricket Bat,1,2579.74,10.0,Upi,2026-04-15,4.1,6.0,No,2321.76,2321.766,-0.005999999999858119
ORD114493,CUST6893,28.0,Male,Chennai,Sports,Football,2,1160.03,10.0,Credit Card,2026-10-24,3.5,4.0,No,2088.06,2088.054,0.005999999999858119
ORD106518,CUST5370,32.0,Male,Bengaluru,Beauty,Perfume,1,2024.11,10.0,Cod,2026-09-05,3.0,6.0,No,1821.7,1821.6989999999998,0.0010000000002037268
ORD111361,CUST7933,25.0,Male,Kolkata,Sports,Dumbbells,3,2207.6,15.0,Wallet,2025-09-29,5.0,3.0,No,5629.37,5629.379999999999,-0.009999999999308784
ORD108518,CUST7772,37.0,Female,Ahmedabad,Electronics,Tablet,1,21168.91,0.0,Debit Card,2025-10-31,3.5,4.0,Yes,21168.91,21168.91,0.0
ORD104126,CUST1170,25.0,Female,Vijayawada,Electronics,Tablet,1,19515.63,10.0,Credit Card,2025-02-16,3.1,4.0,No,17564.07,17564.067000000003,0.0029999999969732016
ORD106276,CUST4269,27.0,Male,Delhi,Beauty,Makeup Kit,1,2327.83,15.0,Upi,2026-03-22,4.2,2.0,No,1978.66,1978.6554999999998,0.00450000000023465
ORD111891,CUST6193,27.0,Female,Delhi,Home & Kitchen,Bedsheet,1,1542.53,5.0,Upi,2025-02-23,4.2,4.0,No,1465.41,1465.4035,0.006500000000187356
ORD105438,CUST2849,19.0,Female,Bengaluru,Electronics,Laptop,1,58764.76,10.0,Debit Card,2026-09-13,3.3,3.0,No,52888.29,52888.284,0.006000000001222361
ORD101744,CUST6245,19.0,Male,Pune,Books,Biography,1,573.59,5.0,Upi,2026-05-31,3.8,5.0,No,544.91,544.9105,-0.0004999999999881766
ORD109444,CUST8732,35.0,Male,Hyderabad,Fashion,Handbag,1,1959.9,5.0,Wallet,2025-12-27,5.0,3.0,No,1861.9,1861.905,-0.004999999999881766
ORD112088,CUST6199,24.0,Female,Delhi,Electronics,Smartphone,1,22557.8,10.0,Cod,2025-10-06,2.6,4.0,No,20302.02,20302.02,0.0
ORD100903,CUST3995,24.0,Female,Ahmedabad,Electronics,Headphones,1,2565.57,0.0,Net Banking,2026-07-30,4.0,4.0,No,2565.57,2565.57,0.0
ORD100736,CUST6746,41.0,Female,Pune,Beauty,Moisturizer,2,601.52,5.0,Upi,2026-09-01,4.1,4.0,No,1142.88,1142.888,-0.007999999999810825
ORD107624,CUST3171,30.0,Female,Chennai,Electronics,Smartwatch,1,7694.39,10.0,Upi,2026-01-05,4.9,6.0,No,6924.96,6924.951,0.009000000000014552
ORD108673,CUST1075,20.0,Female,Guntur,Books,Data Science Book,1,1113.87,5.0,Credit Card,2025-01-19,3.9,7.0,No,1058.18,1058.1764999999998,0.0035000000002582965
ORD107529,CUST1046,18.0,Female,Warangal,Fashion,Handbag,1,2094.26,20.0,Cod,2026-07-13,5.0,5.0,No,1675.41,1675.4080000000004,0.0019999999997253326
ORD109728,CUST8893,21.0,Male,Delhi,Fashion,Handbag,1,2266.37,15.0,Wallet,2026-03-20,4.7,3.0,No,1926.42,1926.4144999999999,0.005500000000211003
ORD103462,CUST3337,36.0,Male,Guntur,Beauty,Face Wash,3,551.3,10.0,Wallet,2026-12-24,3.9,5.0,Yes,1488.51,1488.51,0.0
ORD109474,CUST7406,18.0,Male,Pune,Electronics,Smartwatch,1,6364.21,15.0,Debit Card,2026-11-08,5.0,6.0,No,5409.57,5409.5785,-0.008499999999912689
ORD112298,CUST8488,19.0,Female,Warangal,Electronics,Smartwatch,1,7474.92,20.0,Debit Card,2026-01-19,3.2,2.0,No,5979.94,5979.936000000001,0.003999999998995918
ORD103078,CUST6220,23.0,Female,Warangal,Home & Kitchen,Cookware Set,1,2932.03,30.0,Wallet,2025-03-10,5.0,6.0,No,2052.42,2052.421,-0.0009999999997489795
ORD108630,CUST2121,45.0,Male,Warangal,Sports,Yoga Mat,1,918.46,10.0,Net Banking,2026-11-14,3.9,7.0,No,826.61,826.614,-0.004000000000019099
ORD101741,CUST2326,37.0,Male,Visakhapatnam,Electronics,Laptop,3,66250.75,5.0,Net Banking,2025-10-28,3.2,6.0,No,188814.62,188814.63749999998,-0.017499999987194315
ORD110360,CUST5187,26.0,Female,Bengaluru,Beauty,Hair Dryer,1,2471.98,15.0,Net Banking,2026-03-13,3.1,6.0,No,2101.18,2101.183,-0.003000000000156433
ORD112210,CUST7998,31.0,Male,Warangal,Electronics,Smartwatch,1,7797.12,10.0,Net Banking,2025-05-30,2.9,4.0,No,7017.41,7017.408,0.001999999999497959
ORD106138,CUST5707,22.0,Female,Mumbai,Electronics,Tablet,1,20292.59,20.0,Credit Card,2025-04-12,3.7,3.0,No,16234.07,16234.072,-0.0020000000004074536
ORD107666,CUST8480,35.0,Male,Mumbai,Fashion,Handbag,1,2078.42,5.0,Wallet,2025-04-27,4.1,3.0,No,1974.49,1974.499,-0.009000000000014552
ORD102663,CUST5136,38.0,Male,Vijayawada,Fashion,Handbag,1,2441.01,0.0,Upi,2025-02-15,3.8,3.0,No,2441.01,2441.01,0.0
ORD110585,CUST8438,51.0,Female,Vijayawada,Fashion,Shoes,2,2324.87,10.0,Net Banking,2026-03-18,3.7,8.0,No,4184.76,4184.766,-0.0059999999994033715
ORD106429,CUST1369,46.0,Female,Vijayawada,Fashion,Shoes,3,2484.13,10.0,Wallet,2025-10-12,3.2,4.0,No,6707.14,6707.151000000001,-0.011000000000422006
ORD105457,CUST6166,37.0,Male,Kolkata,Electronics,Smartwatch,1,6147.26,0.0,Cod,2026-09-27,3.8,3.0,No,6147.26,6147.26,0.0
ORD106495,CUST7730,29.0,Male,Chennai,Sports,Cricket Bat,2,2659.53,10.0,Debit Card,2026-07-07,3.8,5.0,No,4787.16,4787.154,0.0059999999994033715
ORD105862,CUST6366,22.0,Male,Warangal,Electronics,Headphones,4,2911.71,5.0,Net Banking,2026-08-29,4.4,2.0,No,11064.48,11064.498,-0.018000000000029104
ORD113655,CUST6932,26.0,Male,Pune,Fashion,Jeans,1,1792.27,25.0,Wallet,2026-05-23,4.3,2.0,No,1344.2,1344.2024999999999,-0.002499999999827196
ORD101594,CUST1295,18.0,Male,Guntur,Fashion,T-Shirt,3,905.41,15.0,Net Banking,2025-10-18,4.3,7.0,No,2308.8,2308.7955,0.004500000000007276
ORD103014,CUST8856,35.0,Male,Pune,Beauty,Perfume,1,1709.89,10.0,Net Banking,2026-03-29,2.7,6.0,No,1538.9,1538.901,-0.0009999999999763531
ORD114187,CUST3290,47.0,Female,Pune,Fashion,Jacket,3,2782.15,25.0,Wallet,2026-06-05,4.8,1.0,No,6259.83,6259.837500000001,-0.007500000000618456
ORD112957,CUST1965,47.0,Male,Chennai,Fashion,Shoes,1,2443.55,15.0,Upi,2026-07-07,4.0,5.0,No,2077.02,2077.0175,0.0025000000000545697
ORD108789,CUST2544,36.0,Male,Ahmedabad,Fashion,Jacket,1,3189.41,15.0,Credit Card,2025-05-20,3.3,4.0,No,2711.0,2710.9984999999997,0.0015000000003055902
ORD107309,CUST7869,40.0,Female,Guntur,Electronics,Tablet,2,20312.83,5.0,Credit Card,2025-08-10,4.0,1.0,Yes,38594.37,38594.377,-0.006999999997788109
ORD104342,CUST3200,30.0,Male,Ahmedabad,Electronics,Smartwatch,2,6835.37,10.0,Wallet,2026-05-18,2.9,7.0,No,12303.66,12303.666,-0.0059999999994033715
ORD110375,CUST5649,18.0,Male,Visakhapatnam,Beauty,Makeup Kit,1,2243.72,20.0,Debit Card,2026-01-26,4.9,3.0,No,1794.97,1794.9759999999999,-0.005999999999858119
ORD106331,CUST6859,28.0,Female,Warangal,Fashion,Jacket,3,3436.73,10.0,Credit Card,2025-05-21,4.5,5.0,No,9279.18,9279.171,0.009000000000014552
ORD107915,CUST6659,22.0,Male,Kolkata,Books,Programming Book,5,861.39,15.0,Net Banking,2025-12-17,4.1,4.0,No,3660.92,3660.9075,0.012500000000272848
ORD109604,CUST8871,33.0,Female,Bengaluru,Fashion,Jacket,1,3183.6,15.0,Wallet,2026-06-13,3.5,4.0,No,2706.06,2706.06,0.0
ORD105923,CUST2845,40.0,Male,Guntur,Beauty,Perfume,1,1622.45,0.0,Cod,2025-01-27,4.0,2.0,No,1622.45,1622.45,0.0
ORD103205,CUST3102,43.0,Female,Delhi,Books,Exam Guide,2,622.81,0.0,Upi,2025-08-14,3.9,6.0,No,1245.61,1245.62,-0.009999999999990905
ORD108078,CUST1249,28.0,Male,Bengaluru,Electronics,Headphones,1,2790.2,0.0,Upi,2026-07-26,4.8,1.0,Yes,2790.2,2790.2,0.0
ORD107918,CUST3528,33.0,Male,Chennai,Electronics,Smartwatch,1,6236.74,25.0,Wallet,2026-01-14,5.0,3.0,No,4677.55,4677.555,-0.005000000000109139
ORD101806,CUST8491,45.0,Female,Visakhapatnam,Beauty,Makeup Kit,1,2337.84,0.0,Wallet,2025-07-28,4.2,5.0,No,2337.84,2337.84,0.0
ORD112106,CUST8129,31.0,Female,Mumbai,Home & Kitchen,Lamp,1,1093.05,0.0,Wallet,2026-02-06,3.4,4.0,No,1093.05,1093.05,0.0
ORD105221,CUST6697,37.0,Female,Warangal,Electronics,Headphones,2,3250.61,5.0,Wallet,2025-02-25,3.6,8.0,No,6176.15,6176.159,-0.009000000000014552
ORD101870,CUST1037,28.0,Male,Warangal,Sports,Football,2,1248.28,20.0,Wallet,2025-12-12,4.2,5.0,Yes,1997.24,1997.248,-0.008000000000038199
ORD105287,CUST5738,31.0,Female,Ahmedabad,Beauty,Face Wash,1,502.91,15.0,Wallet,2026-11-12,2.7,1.0,No,427.47,427.4735,-0.0034999999999740794
ORD101689,CUST7890,30.0,Male,Ahmedabad,Home & Kitchen,Bedsheet,1,1693.03,10.0,Net Banking,2025-09-27,5.0,2.0,No,1439.08,1523.727,-84.64700000000016
ORD111903,CUST1427,18.0,Female,Mumbai,Fashion,Jeans,4,1621.17,25.0,Upi,2025-11-11,3.9,3.0,No,4863.52,4863.51,0.010000000000218279
ORD100169,CUST4937,29.0,Male,Hyderabad,Fashion,Jacket,2,2902.87,10.0,Upi,2026-06-21,2.9,5.0,No,5225.17,5225.166,0.0039999999999054126
ORD101490,CUST6825,27.0,Male,Hyderabad,Home & Kitchen,Mixer Grinder,1,3764.16,15.0,Net Banking,2025-08-21,3.9,8.0,No,3199.54,3199.5359999999996,0.00400000000036016
ORD109045,CUST1961,34.0,Male,Mumbai,Fashion,Jeans,4,1562.46,5.0,Cod,2025-02-21,3.9,1.0,Yes,5937.36,5937.348,0.011999999999716238
ORD111815,CUST5591,42.0,Other,Hyderabad,Home & Kitchen,Air Fryer,1,5945.71,15.0,Net Banking,2025-04-08,3.6,6.0,No,5053.85,5053.8535,-0.003499999999803549
ORD113345,CUST3478,28.0,Female,Vijayawada,Electronics,Laptop,2,52571.18,10.0,Debit Card,2025-04-17,5.0,4.0,No,94628.13,94628.124,0.0060000000084983185
ORD105929,CUST8705,18.0,Female,Chennai,Sports,Dumbbells,3,2680.19,5.0,Credit Card,2025-12-26,3.6,4.0,No,7638.54,7638.541499999999,-0.0014999999993960955
ORD114525,CUST7760,27.0,Male,Pune,Books,Biography,2,664.08,20.0,Net Banking,2025-03-12,4.6,6.0,No,1062.53,1062.528,0.0019999999999527063
ORD100435,CUST5172,18.0,Male,Visakhapatnam,Electronics,Laptop,2,59933.53,10.0,Upi,2026-03-24,4.5,5.0,No,107880.36,107880.354,0.005999999993946403
ORD101035,CUST4282,36.0,Male,Pune,Fashion,T-Shirt,3,1003.29,15.0,Net Banking,2026-02-08,1.5,7.0,No,2558.38,2558.3894999999998,-0.009499999999661668
ORD109958,CUST2943,30.0,Male,Kolkata,Electronics,Smartwatch,1,7484.77,15.0,Credit Card,2026-01-14,3.2,6.0,No,6362.05,6362.0545,-0.004500000000007276
ORD107976,CUST6229,30.0,Male,Mumbai,Sports,Football,2,1231.32,20.0,Upi,2025-06-08,4.6,4.0,No,1970.12,1970.112,0.007999999999810825
ORD114653,CUST4430,21.0,Male,Hyderabad,Fashion,Jeans,3,2004.6,25.0,Credit Card,2026-01-30,2.7,3.0,No,4510.34,4510.349999999999,-0.009999999999308784
ORD112188,CUST6247,32.0,Male,Pune,Electronics,Smartwatch,1,6483.13,10.0,Upi,2026-12-05,3.0,2.0,No,5834.82,5834.817,0.0029999999997016857
ORD104451,CUST1659,30.0,Male,Mumbai,Sports,Running Shoes,4,3962.96,5.0,Upi,2025-04-04,3.1,3.0,No,15059.23,15059.248,-0.018000000000029104
ORD103488,CUST2212,39.0,Male,Mumbai,Beauty,Hair Dryer,3,2469.11,20.0,Net Banking,2026-05-19,3.0,3.0,No,5925.87,5925.8640000000005,0.0059999999994033715
ORD114388,CUST6296,40.0,Female,Hyderabad,Fashion,T-Shirt,1,802.68,30.0,Credit Card,2026-11-27,5.0,4.0,No,561.88,561.876,0.004000000000019099
ORD107919,CUST4669,23.0,Female,Warangal,Books,Data Science Book,1,1053.36,10.0,Wallet,2026-07-19,4.3,7.0,No,948.02,948.0239999999999,-0.0039999999999054126
ORD108460,CUST5257,33.0,Male,Ahmedabad,Home & Kitchen,Mixer Grinder,2,3686.62,10.0,Net Banking,2025-01-18,3.6,2.0,No,6635.91,6635.916,-0.006000000000312866
ORD111718,CUST4013,26.0,Male,Ahmedabad,Beauty,Face Wash,1,460.68,5.0,Cod,2025-07-04,2.5,5.0,No,437.65,437.64599999999996,0.004000000000019099
ORD110109,CUST4140,24.0,Female,Bengaluru,Sports,Football,2,1186.03,10.0,Net Banking,2025-05-26,3.8,5.0,No,2134.86,2134.854,0.006000000000312866
ORD107812,CUST8732,34.0,Male,Guntur,Home & Kitchen,Lamp,3,1294.73,30.0,Net Banking,2025-08-07,3.6,2.0,No,2718.93,2718.933,-0.003000000000156433
ORD114199,CUST5792,31.0,Male,Visakhapatnam,Books,Exam Guide,1,787.72,10.0,Wallet,2026-06-15,3.7,2.0,No,708.95,708.9480000000001,0.0019999999999527063
ORD113135,CUST6255,32.0,Male,Pune,Electronics,Tablet,1,24939.38,25.0,Debit Card,2025-05-23,4.5,7.0,No,18704.53,18704.535,-0.005000000001018634
ORD105149,CUST3871,27.0,Male,Delhi,Sports,Running Shoes,2,3979.6,15.0,Wallet,2026-05-25,3.6,5.0,Yes,6765.31,6765.32,-0.009999999999308784
ORD103438,CUST6001,36.0,Female,Vijayawada,Fashion,Jacket,1,3186.77,5.0,Debit Card,2025-03-13,4.4,6.0,No,3027.43,3027.4314999999997,-0.0014999999998508429
ORD108882,CUST8548,31.0,Male,Guntur,Books,Programming Book,2,895.29,10.0,Wallet,2026-11-30,3.7,2.0,No,1611.52,1611.522,-0.0019999999999527063
ORD103911,CUST8947,33.0,Female,Hyderabad,Home & Kitchen,Lamp,2,1131.97,15.0,Cod,2026-01-29,4.9,3.0,No,1924.35,1924.349,0.0009999999999763531
ORD111011,CUST7696,34.0,Female,Kolkata,Home & Kitchen,Bedsheet,2,1612.66,15.0,Cod,2025-01-15,3.8,3.0,No,2741.52,2741.522,-0.0019999999999527063
ORD112624,CUST5805,34.0,Female,Warangal,Home & Kitchen,Lamp,4,1103.82,20.0,Wallet,2025-10-18,1.6,9.0,No,3532.23,3532.224,0.005999999999858119
ORD104878,CUST1700,18.0,Male,Warangal,Beauty,Face Wash,2,513.0,10.0,Credit Card,2025-06-13,2.9,6.0,No,923.4,923.4,0.0
ORD102151,CUST2438,32.0,Female,Hyderabad,Beauty,Makeup Kit,2,2870.54,15.0,Wallet,2025-08-13,4.1,4.0,No,4879.92,4879.918,0.0020000000004074536
ORD111672,CUST8978,32.0,Female,Delhi,Home & Kitchen,Air Fryer,3,7059.01,0.0,Credit Card,2026-03-17,3.0,2.0,No,21177.03,21177.03,0.0
ORD112527,CUST8663,38.0,Female,Hyderabad,Beauty,Perfume,1,2022.94,15.0,Wallet,2026-03-26,4.3,3.0,No,1719.5,1719.499,0.0009999999999763531
ORD112440,CUST1729,29.0,Male,Guntur,Fashion,Shoes,1,2535.69,15.0,Wallet,2026-11-02,3.6,4.0,Yes,2155.34,2155.3365,0.0035000000002582965
ORD110958,CUST1844,39.0,Male,Guntur,Home & Kitchen,Bedsheet,1,1466.23,5.0,Wallet,2026-10-17,4.4,2.0,Yes,1392.92,1392.9185,0.0015000000000782165
ORD100915,CUST6874,32.0,Male,Guntur,Books,Data Science Book,1,1299.38,20.0,Credit Card,2026-02-22,3.9,4.0,No,1039.5,1039.5040000000001,-0.004000000000132786
ORD114776,CUST8765,46.0,Female,Guntur,Electronics,Smartwatch,2,6229.0,20.0,Debit Card,2025-07-24,3.2,8.0,No,9966.4,9966.400000000001,-1.8189894035458565e-12
ORD108736,CUST2508,35.0,Male,Mumbai,Fashion,Handbag,1,2175.28,0.0,Credit Card,2025-02-13,3.2,7.0,No,2175.28,2175.28,0.0
ORD104289,CUST1608,26.0,Male,Hyderabad,Books,Biography,1,570.01,0.0,Cod,2026-06-19,3.9,7.0,No,570.01,570.01,0.0
ORD114655,CUST1563,44.0,Female,Warangal,Electronics,Smartphone,4,26208.99,25.0,Cod,2026-11-02,3.9,4.0,Yes,78626.96,78626.97,-0.00999999999476131
ORD114065,CUST1803,25.0,Male,Visakhapatnam,Fashion,T-Shirt,1,766.9,20.0,Net Banking,2026-05-01,4.9,3.0,No,613.52,613.52,0.0
ORD106148,CUST6053,27.0,Male,Pune,Fashion,Jeans,5,1762.5,5.0,Upi,2025-04-11,4.9,3.0,No,8371.86,8371.875,-0.014999999999417923
ORD111424,CUST1376,18.0,Female,Vijayawada,Electronics,Headphones,2,3090.58,15.0,Wallet,2025-03-22,4.3,7.0,No,5253.98,5253.986,-0.006000000000312866
ORD112660,CUST5288,28.0,Male,Kolkata,Electronics,Laptop,1,68451.57,10.0,Credit Card,2025-05-08,4.1,5.0,No,61606.41,61606.41300000001,-0.0030000000042491592
ORD102702,CUST3278,38.0,Male,Vijayawada,Home & Kitchen,Mixer Grinder,1,3868.89,5.0,Credit Card,2025-07-23,3.7,2.0,No,3675.45,3675.4455,0.004500000000007276
ORD106493,CUST7869,18.0,Male,Mumbai,Sports,Cricket Bat,1,2958.87,0.0,Credit Card,2026-12-10,4.7,3.0,No,2958.87,2958.87,0.0
ORD109395,CUST8169,34.0,Female,Ahmedabad,Beauty,Makeup Kit,4,2295.78,0.0,Wallet,2026-02-21,2.7,4.0,No,9183.13,9183.12,0.00999999999839929
ORD112718,CUST6749,31.0,Male,Guntur,Beauty,Face Wash,2,471.3,25.0,Upi,2026-02-12,2.6,4.0,No,706.94,706.95,-0.009999999999990905
ORD105613,CUST7683,23.0,Female,Visakhapatnam,Fashion,T-Shirt,1,772.8,5.0,Credit Card,2025-07-05,3.1,7.0,No,734.16,734.16,0.0
ORD102035,CUST6330,47.0,Male,Ahmedabad,Electronics,Tablet,3,22747.51,15.0,Upi,2026-05-06,3.8,6.0,No,58006.14,58006.150499999996,-0.010499999996682163
ORD109124,CUST1239,29.0,Female,Bengaluru,Fashion,Jacket,2,2944.56,25.0,Cod,2025-09-11,3.7,2.0,Yes,4416.85,4416.84,0.010000000000218279
ORD101023,CUST7722,28.0,Male,Chennai,Books,Exam Guide,2,642.5,15.0,Cod,2026-11-19,3.8,5.0,No,1092.24,1092.25,-0.009999999999990905
ORD106384,CUST1327,42.0,Female,Guntur,Beauty,Face Wash,2,550.78,10.0,Credit Card,2025-08-04,4.7,4.0,No,991.41,991.404,0.005999999999971806
ORD100201,CUST4655,27.0,Female,Ahmedabad,Beauty,Perfume,3,1700.39,20.0,Cod,2025-08-16,5.0,5.0,Yes,4080.92,4080.936,-0.016000000000076398
ORD106330,CUST2725,43.0,Female,Vijayawada,Electronics,Laptop,1,54842.56,10.0,Upi,2025-01-25,3.5,4.0,No,49358.3,49358.304,-0.00399999999353895
ORD113654,CUST5409,33.0,Male,Kolkata,Fashion,T-Shirt,1,814.65,5.0,Debit Card,2025-11-10,3.9,5.0,Yes,773.91,773.9174999999999,-0.007499999999936335
ORD100469,CUST7855,42.0,Male,Vijayawada,Electronics,Tablet,1,18821.04,5.0,Wallet,2026-11-07,3.9,2.0,No,17879.99,17879.988,0.0020000000004074536
ORD109259,CUST3066,22.0,Female,Chennai,Fashion,Shoes,1,2636.74,10.0,Net Banking,2025-03-20,2.9,5.0,Yes,2373.06,2373.066,-0.005999999999858119
ORD109717,CUST1886,22.0,Male,Delhi,Fashion,Jacket,1,3250.52,5.0,Upi,2025-09-07,4.2,3.0,No,3088.0,3087.9939999999997,0.006000000000312866
ORD111069,CUST2692,36.0,Male,Pune,Fashion,Jacket,2,2726.69,20.0,Wallet,2025-12-29,4.3,5.0,No,4362.71,4362.704000000001,0.0059999999994033715
ORD103892,CUST8744,21.0,Female,Bengaluru,Beauty,Makeup Kit,1,2757.32,0.0,Upi,2025-11-16,4.0,5.0,No,2757.32,2757.32,0.0
ORD113201,CUST5831,18.0,Female,Visakhapatnam,Sports,Dumbbells,3,2548.91,10.0,Cod,2025-02-05,4.1,4.0,No,6882.07,6882.057,0.012999999999919964
ORD104238,CUST4592,18.0,Male,Visakhapatnam,Sports,Dumbbells,4,2738.1,10.0,Wallet,2026-11-10,4.6,6.0,No,9857.14,9857.16,-0.020000000000436557
